,title,authors,citation_count
0,A Better Estimate of Internally Generated Intangible Capital,1,"['A Iqbal', 'A Srivastava']"
1,A Survey of Behavioral Finance,5,['N Barberis']
2,"A Unified Theory of Tobins q, Corporate Investment, Financing, and Risk Management",1,"['N Wang', 'H Chen', 'P Bolton']"
3,A behavioral approach to asset pricing,1,['H Shefrin']
4,A better three-factor model that explains more anomalies,1,['L Zhang']
5,A boosted decision tree approach using Bayesian hyper-parameter optimization for credit scoring,1,['Y Xia']
6,A closed-form solution for options with stochastic volatility with applications to bond and currency options,2,[]
7,A closer look at the short-term return reversal,1,"['E Schaumburg', 'Z Da']"
8,A comparative analysis of current credit risk models,1,['D Galai']
9,A comparison of new factor models,3,"['K Hou', 'C Xue', 'L Zhang']"
10,A comprehensive look at the empirical performance of equity premium prediction,4,"['I Welch', 'A Goyal']"
11,A comprehensive study of liquidity before and after SEOs and SEO underpricing,1,['KCJ Wei']
12,A consumption‐based explanation of expected stock returns,1,['M Yogo']
13,A decomposition of conditional risk premia and implications for representative agent models,1,"['F Chabi-Yo', 'JA Loudis']"
14,A five-factor asset pricing model,15,['KR French']
15,A flow-based explanation for return predictability,1,['D Lou']
16,A framework for understanding and researching audit quality,1,['JR Francis']
17,A guide to modern econometrics,2,['M Verbeek']
18,A labor capital asset pricing model,2,"['M Simutin', 'LA Kuehn', 'JJ Wang']"
19,A liquidity-augmented capital asset pricing model,3,[]
20,A measure of competition based on 10‐K filings,1,"['M Minnis', 'R Lundholm']"
21,A model of investor sentiment,4,"['N Barberis', 'A Shleifer']"
22,A new anomaly: The cross-sectional profitability of technical analysis,1,"['Y Han', 'G Zhou']"
23,A new approach to measuring financial contagion,1,"['GA Karolyi', 'KH Bae', 'RM Stulz']"
24,A nonlinear general equilibrium model of the term structure of interest rates,1,['FA Longstaff']
25,A novel approach to estimating the debt capacity of European SMEs,1,"['M Karas', 'M Režňáková']"
26,A review of capital asset pricing models,1,['DUA Galagedera']
27,A review of the earnings management literature and its implications for standard setting,2,"['JM Wahlen', 'PM Healy']"
28,A review of the empirical disclosure literature: discussion,2,['JE Core']
29,A review of the post-earnings-announcement drift,4,[]
30,A risk/return paradox for strategic management,1,[]
31,A selective critical review of financial accounting research,1,[]
32,A simple model of capital market equilibrium with incomplete information,1,[]
33,A survey of behavioral finance,1,"['N Barberis', 'R Thaler']"
34,A survey of systemic risk analytics,3,['M Flood']
35,"A survey on ESG: investors, institutions and firms",1,['PR Rau']
36,A sustainable capital asset pricing model (S-CAPM): Evidence from environmental integration and sin stock exclusion,1,['OD Zerbib']
37,A tale of values-driven and profit-seeking social investors,1,"['J Derwall', 'K Koedijk']"
38,A taxonomy of anomalies and their trading costs,4,"['R Novy-Marx', 'M Velikov']"
39,A test of the efficiency of a given portfolio,1,['J Shanken']
40,A tug of war: Overnight versus intraday expected returns,1,"['C Polk', 'D Lou']"
41,"A unified theory of underreaction, momentum trading, and overreaction in asset markets",4,"['H Hong', 'JC Stein']"
42,ABCs of trading: Behavioral biases affect stock turnover and value,1,['J Itzkowitz']
43,Accounting accruals and auditor reporting conservatism,1,"['JR Francis', 'J Krishnan']"
44,Accounting conservatism: A review of the literature,1,"['G Taylor', 'GW Ruch']"
45,Accounting for intangibles: a literature review,1,[]
46,"Accounting information, disclosure, and the cost of capital",3,['C Leuz']
47,"Accounting narratives and the narrative turn in accounting research: Issues, theory, methodology, methods and a research framework",1,[]
48,"Accounting valuation, market expectation, and cross-sectional stock returns",1,"['CMC Lee', 'R Frankel']"
49,"Accruals, cash flows, and operating profitability in the cross section of stock returns",1,"['V Nikolaev', 'J Gerakos', 'JT Linnainmaa', 'R Ball']"
50,Acquisitions driven by stock overvaluation: are they good deals?,1,"['L Lin', 'F Fu', 'MS Officer']"
51,Aggregate Volatility and Market Jump Risk: An Option‐Based Explanation to Size and Value Premia,1,['YE Arisoy']
52,"Aggregate and firm-level stock returns during pandemics, in real time",3,"['PK Schott', 'A Chari', 'AN Greenland']"
53,Aggregate earnings and why they matter✩,1,"['G Sadka', 'R Ball']"
54,An Augmented q-Factor Model with Expected Growth,19,"['H Mo', 'K Hou', 'C Xue', 'L Zhang']"
55,An analysis of the literature on systemic financial risk: A survey,2,['H Kimura']
56,An empirical analysis of illegal insider trading,1,[]
57,An empirical evaluation of accounting income numbers,3,"['R Ball', 'P Brown']"
58,An empirical investigation of the arbitrage pricing theory,2,[]
59,An empirical study to detect agency problems in listed corporations: an emerging market study,1,['HH Flayyih']
60,An integrated vector error correction and directed acyclic graph method for investigating contemporaneous causalities,1,[]
61,An intertemporal asset pricing model with stochastic consumption and investment opportunities,1,['DT Breeden']
62,An intertemporal capital asset pricing model,4,[]
63,Analyst coverage and earnings management,1,['FF Yu']
64,Analysts and anomalies,1,"['RD McLean', 'J Engelberg', 'J Pontiff']"
65,Anomalies and market efficiency,10,['GW Schwert']
66,Another look at momentum crashes: momentum in the European Monetary Union,1,['K Grobys']
67,Another puzzle: The growth in actively managed mutual funds,2,['MJ Gruber']
68,Applications of deep learning in stock market prediction: recent progress,1,['W Jiang']
69,Apprenticeship training effects on entrepreneurship development in developing economies,2,"['CA Ezenwakwelu', 'NA Egbosionu']"
70,Arbitrage asymmetry and the idiosyncratic volatility puzzle,8,"['J Yu', 'Y Yuan', 'RF Stambaugh']"
71,Arbitrage pricing theory and utility stock returns,2,[]
72,Arbitrage risk and the book-to-market anomaly,1,['A Ali']
73,Are US industries becoming more concentrated?,2,"['R Michaely', 'G Grullon']"
74,Are accruals mispriced? Evidence from tests of an intertemporal capital asset pricing model,1,[]
75,Are busy boards detrimental?,1,"['L Field', 'M Lowry', 'A Mkrtchyan']"
76,Are disagreements agreeable? Evidence from information aggregation,1,"['D Huang', 'J Li']"
77,Are financial assets priced locally or globally?,5,"['GA Karolyi', 'RM Stulz']"
78,Are insider trades informative?,1,['I Lee']
79,Are investors overconfident,1,['C Vega']
80,Are the Fama and French factors global or country specific?,1,['JM Griffin']
81,Artificial intelligence and machine learning in finance: A bibliometric review,2,['MM Alshater']
82,Asset growth and the cross‐section of stock returns,4,"['MJ Schill', 'MJ Cooper', 'H Gulen']"
83,Asset pricing at the millennium,7,['JY Campbell']
84,Asset pricing tests for pandemic risk,2,"['YH Eom', 'YJ Kang', 'D Park']"
85,Asset pricing tests with long-run risks in consumption growth,2,[]
86,Asset pricing with liquidity risk,6,"['LH Pedersen', 'VV Acharya']"
87,Asset pricing with partial-moments,1,[]
88,Asymmetric dependence between stock market returns and news during COVID-19 financial turmoil,1,['CO Cepoi']
89,Asymmetric volatility risk: evidence from option markets,1,['G Vilkov']
90,Attention to global warming,1,"['W Jiang', 'D Choi', 'Z Gao']"
91,Audit committee financial expertise and earnings management: The role of status,1,"['M Ege', 'DC Donelson']"
92,Audit reporting for going-concern uncertainty: A research synthesis,1,"['MA Geiger', 'NL Fargher', 'E Carson']"
93,"Bad beta good beta, state‐space news decomposition and the cross‐section of stock returns",1,[]
94,"Bad beta, good beta",2,['JY Campbell']
95,"Bad news travels slowly: Size, analyst coverage, and the profitability of momentum strategies",1,"['H Hong', 'JC Stein']"
96,Bank risk and monetary policy,1,"['Y Altunbas', 'L Gambacorta']"
97,Banking sector performance during the COVID-19 crisis,1,"['A Demirgüç-Kunt', 'C Ruiz-Ortega', 'A Pedraza']"
98,Bankruptcy classification errors in the 1980s: An empirical analysis of Altmans and Ohlsons models,1,[]
99,Bankruptcy prediction for SMEs using transactional data and two-stage multiobjective feature selection,1,"['Y Chen', 'Y Peng', 'G Kou']"
100,Bankruptcy prediction in banks and firms via statistical and intelligent techniques–A review,1,"['V Ravi', 'PR Kumar']"
101,Bankruptcy prediction using support vector machine with optimal choice of kernel function parameters,1,['YC Lee']
102,Behavioral economics of accounting: A review of archival research on individual decision makers,1,"['L Zuo', 'M Hanlon', 'K Yeung']"
103,Behavioral finance,10,['D Hirshleifer']
104,Behavioral finance: Its history and its future,1,[]
105,"Behavioral finance: Psychology, decision-making, and markets",1,['L Ackert']
106,Behavioral inattention,1,['X Gabaix']
107,Behavioral mediators of financial decision making–a state-of-art literature review,1,['DK Banwet']
108,Behavioural finance: A review and synthesis,2,['A Subrahmanyam']
109,Best practices in factor research and factor models,1,[]
110,Betting against beta,1,"['LH Pedersen', 'A Frazzini']"
111,Beyond greed and fear: Understanding behavioral finance and the psychology of investing,2,['H Shefrin']
112,Big data as a governance mechanism,2,['C Zhu']
113,Bitcoin and portfolio diversification: A portfolio optimization approach,2,['W Bakry']
114,"Block ownership, trading activity, and market liquidity",1,"['DY Chung', 'XS Yan', 'P Brockman']"
115,Boardroom centrality and firm performance,1,"['CCY Wang', 'DF Larcker', 'EC So']"
116,Bond risk premia,1,"['JH Cochrane', 'M Piazzesi']"
117,Bond variance risk premia,1,"['Y Yen', 'P Mueller', 'A Vedolin']"
118,Book-to-market ratio and skewness of stock returns,1,['XJ Zhang']
119,"Book‐to‐market equity, distress risk, and stock returns",1,"['JM Griffin', 'ML Lemmon']"
120,Brand capital and firm value,1,"['X Lin', 'F Belo', 'MA Vitorino']"
121,Breadth of ownership and stock returns,2,"['J Chen', 'H Hong', 'JC Stein']"
122,Bubbles for fama,1,"['A Shleifer', 'Y You', 'R Greenwood']"
123,"Bubbles, crises, and heterogeneous beliefs",1,['W Xiong']
124,By force of habit: A consumption-based explanation of aggregate stock market behavior,3,"['JY Campbell', 'JH Cochrane']"
125,CAPM for estimating the cost of equity capital: Interpreting the empirical evidence,1,"['RJ Guo', 'R Jagannathan', 'Z Da']"
126,CAPM: an absurd model,1,['P Fernandez']
127,CEO age and stock price crash risk,1,"['AP Petrou', 'C Louca', 'PC Andreou']"
128,CEO age and the riskiness of corporate policies,1,['MA Serfling']
129,CEO overconfidence and financial crisis: Evidence from bank lending and leverage,1,"['JF Yen', 'CY Lin']"
130,COVID-19 and the march 2020 stock market crash. Evidence from S&P1500,1,"['M Dang', 'M Vega', 'M Mazur']"
131,COVID-19 effects on the S&P 500 index,1,['H Yilmazkuday']
132,"COVID-19 lockdowns, stimulus packages, travel bans, and stock returns",1,"['PK Narayan', 'G Liu', 'DHB Phan']"
133,COVID-19 pandemic & financial market volatility; evidence from GARCH models,2,"['M Khan', 'UN Kayani']"
134,"COVID-19, government policy responses, and stock market liquidity around the world: A note",1,"['R Kizys', 'E Demir', 'A Zaremba', 'DY Aharon']"
135,"COVID‐19, ESG investing, and the resilience of more sustainable stocks: Evidence from European firms",1,"['E Bendinelli', 'G Cardillo']"
136,COVID–19s impact on stock prices across different sectors—An event study based on the Chinese stock market,1,['Y Sun']
137,Can Twitter help predict firm-level earnings and stock returns?,1,"['E Bartov', 'PS Mohanram', 'L Faurel']"
138,Can time‐varying risk of rare disasters explain aggregate stock market volatility?,1,['JA Wachter']
139,Capital asset prices: A theory of market equilibrium under conditions of risk,2,['WF Sharpe']
140,Capital structure as a strategic variable: Evidence from collective bargaining,1,['DA Matsa']
141,Capital structure decisions: which factors are reliably important?,1,"['VK Goyal', 'MZ Frank']"
142,Carbon tail risk,2,"['E Ilhan', 'G Vilkov', 'Z Sautner']"
143,Carry trade and momentum in currency markets,2,"['M Eichenbaum', 'C Burnside']"
144,Carry trades and global foreign exchange volatility,3,"['L Sarno', 'L Menkhoff', 'M Schmeling']"
145,Cash flow patterns as a proxy for firm life cycle,1,['V Dickinson']
146,"Cash holdings, risk, and expected returns",2,['B Palazzo']
147,"Causal relations among stock returns, interest rates, real activity, and inflation",1,[]
148,Causes and consequences of goodwill impairment losses,1,"['R Venkataraman', 'Z Li', 'IX Zhang', 'PK Shroff']"
149,Changes in Risk Factor Disclosures and the Variance Risk Premium.,1,"['MR Lyle', 'F Siano', 'EJ Riedl']"
150,Characteristics of a firms information environment and the information asymmetry between insiders and outsiders,1,['R Frankel']
151,Chasing private information,1,"['ES Pagnotta', 'M Kacperczyk']"
152,Choosing factors,4,['KR French']
153,Christopher,1,[]
154,Class-imbalanced dynamic financial distress prediction based on Adaboost-SVM ensemble combined with SMOTE and time weighting,1,"['J Sun', 'H Li', 'H Fujita']"
155,Climate change concerns and the performance of green vs. brown stocks,7,"['D Ardia', 'K Boudt', 'K Bluteau']"
156,"Climate change, risk factors and stock returns: A review of the literature",8,['A Venturini']
157,Climate policy uncertainty and the stock return predictability of the oil industry,1,"['M He', 'Y Zhang']"
158,Climate risks and market efficiency,3,"['H Hong', 'FW Li', 'J Xu']"
159,"Commercial bank net interest margins, default risk, interest-rate risk, and off-balance sheet banking",1,[]
160,Common auditors in M&A transactions,1,"['JC Park', 'Y Cai', 'HD White', 'Y Kim']"
161,Common fund flows: Flow hedging and factor pricing,1,"['W Wu', 'L Kogan', 'WW Dou']"
162,Common risk factors in bank stocks,1,"['DR Fraser', 'AM Viale', 'JW Kolari']"
163,Common risk factors in cryptocurrency,5,"['Y Liu', 'A Tsyvinski', 'X Wu']"
164,Common risk factors in the returns on stocks and bonds,7,['KR French']
165,Common stock returns surrounding earnings forecast revisions: More puzzling evidence,1,[]
166,Comparing the post–earnings announcement drift for surprises calculated from analyst and time series forecasts,1,"['J Livnat', 'RR Mendenhall']"
167,"Competition, markups, and predictable returns",1,"['H Kung', 'A Corhay', 'L Schmid']"
168,"Competition, profitability, and discount rates",1,"['W Wu', 'Y Ji', 'WW Dou']"
169,Conditional skewness in asset pricing tests,4,"['A Siddique', 'CR Harvey']"
170,Conditioning variables and the cross section of stock returns,2,"['CR Harvey', 'WE Ferson']"
171,Conglomerate discount and financial constraints: A novel view to an old puzzle,1,"['L Zhang', 'A Bodnaruk', 'M Massa']"
172,Consequences for future return with earnings management through real operating activities,1,['AL Martinez']
173,Conservatism in accounting part I: Explanations and implications,1,['RL Watts']
174,"Consolidation, fragmentation, and the disclosure of trading information",1,[]
175,Constraints on short-selling and asset price adjustment to private information,2,['DW Diamond']
176,Consumer confidence and asset prices: Some empirical evidence,1,['M Lemmon']
177,Consumption-based asset pricing,2,['JY Campbell']
178,Contemporaneous causality among residential housing prices of ten major Chinese cities,1,[]
179,Contracting under asymmetric information: Evidence from lockup agreements in seasoned equity offerings,1,"['JM Karpoff', 'RW Masulis']"
180,"Contrarian investment, extrapolation, and risk",2,['A Shleifer']
181,Controlled Markov processes and viscosity solutions,1,['HM Soner']
182,Corporate bond liquidity before and after the onset of the subprime crisis,1,"['D Lando', 'J Dick-Nielsen', 'P Feldhütter']"
183,Corporate digital transformation and trade credit financing,1,[]
184,Corporate distress and turnaround: integrating the literature and directing future research,1,[]
185,Corporate diversification and stock risk: Evidence from a global shock,1,['E Onali']
186,Corporate finance risk prediction based on LightGBM,1,[]
187,"Corporate financial distress, restructuring, and bankruptcy: analyze leveraged finance, distressed debt, and bankruptcy",1,"['E Hotchkiss', 'W Wang']"
188,"Corporate financial distress: the impact of profitability, liquidity, asset productivity, activity and solvency",1,['K Amoa-Gyarteng']
189,Corporate governance and board of directors: The effect of a board composition on firm sustainability performance,1,['V Naciti']
190,Corporate governance and capital structure dynamics,1,"['N Schürhoff', 'E Morellec', 'B Nikolov']"
191,Corporate governance and equity prices,5,"['P Gompers', 'A Metrick']"
192,Corporate governance and firm performance,1,"['ML Caylor', 'LD Brown']"
193,"Corporate governance, product market competition, and equity prices",2,"['X Giroud', 'HM Mueller']"
194,Corporate green innovation and stock liquidity in China,1,[]
195,Corporate liquidity management: A conceptual framework and survey,1,"['I Cunha', 'M Campello', 'H Almeida']"
196,Corporate political connections and tax aggressiveness,1,"['C Kim', 'L Zhang']"
197,Corporate political connections: A multidisciplinary review,3,"['N Jia', 'Y Wei', 'JP Bonardi']"
198,Corporate social responsibility and access to finance,2,"['I Ioannou', 'G Serafeim']"
199,Corporate social responsibility and firm performance in the hotel industry. The mediating role of green human resource management and environmental outcomes,1,['E Claver-Cortés']
200,Corporate social responsibility and firm risk: Theory and empirical evidence,4,"['Y Koskinen', 'R Albuquerque']"
201,Corporate social responsibility and the term structure of CDS spreads,1,"['Y Li', 'ZK Zhong', 'F Gao', 'X Wang']"
202,Corporate social responsibility as an employee governance tool: Evidence from a quasi‐experiment,1,"['C Flammer', 'J Luo']"
203,"Corporate social responsibility performance and the cost of capital in BRICS countries. The problem of selectivity using environmental, social and governance scores",1,['BS Sergi']
204,"Corporate social responsibility, firm value, and influential institutional ownership",1,"['C Chen', 'B Buchanan']"
205,Corporate sustainability: First evidence on materiality,1,"['A Yoon', 'G Serafeim']"
206,Corporate takeovers and economic efficiency,1,['BE Eckbo']
207,Corporate tax avoidance and stock price crash risk: Firm-level analysis,1,"['L Zhang', 'Y Li']"
208,Corporate tax avoidance: A literature review and research agenda,1,[]
209,Correlation analysis of stocks and PMI index based on logistic regression model,1,[]
210,Correlations in price changes and volatility across international stock markets,1,"['Y Hamao', 'RW Masulis']"
211,Costly external equity: implications for asset pricing anomalies,1,['E Li']
212,Costly information processing: Evidence from earnings announcements,2,['J Engelberg']
213,Costs of equity and earnings attributes,1,['PM Olsson']
214,Country responses and the reaction of the stock market to COVID-19—A preliminary exposition,1,"['PK Narayan', 'DHB Phan']"
215,"Crash risk exposure, diversification and cost of equity capital: evidence from a natural experiment in China",1,[]
216,Credit default swaps: A survey,1,"['P Augustin', 'MG Subrahmanyam']"
217,Credit expansion and neglected crash risk,1,"['M Baron', 'W Xiong']"
218,Credit ratings and credit risk: Is one measure enough?,1,"['M Wilson', 'J Hilscher']"
219,Cross-sectional asset pricing tests,1,"['E Schaumburg', 'R Jagannathan']"
220,Cross-stock momentum and factor momentum,1,['J Yu']
221,Cultural biases in economic exchange?,1,"['L Guiso', 'P Sapienza', 'L Zingales']"
222,Currency momentum strategies,1,"['L Sarno', 'L Menkhoff', 'M Schmeling']"
223,"Customer satisfaction, analyst stock recommendations, and firm value",1,['X Luo']
224,Customer-base concentration: Implications for firm performance and capital markets: 2011 American accounting association competitive manuscript award winner,1,['PN Patatoukas']
225,Dealer versus auction markets: A paired comparison of execution costs on NASDAQ and the NYSE,1,[]
226,Death and jackpot: Why do individual investors hold overpriced stocks?,1,"['N Kapadia', 'Y Xing', 'J Conrad']"
227,Debt covenants and cross-sectional equity returns,1,"['JZ Huang', 'J Helwege', 'Y Wang']"
228,Decoding inside information,2,"['L Pomorski', 'C Malloy', 'L Cohen']"
229,Decomposing firm value,1,"['J Salomao', 'F Belo', 'VD Gala', 'MA Vitorino']"
230,Deep learning and the cross-section of expected returns,1,[]
231,Deep learning in asset pricing,9,"['M Pelger', 'J Zhu', 'L Chen']"
232,Deep learning-based feature engineering for stock price movement prediction,1,[]
233,Default risk in equity returns,3,['Y Xing']
234,"Derivative financial instruments, tax aggressiveness and firm market value",1,[]
235,Detecting long-run abnormal stock returns: The empirical power and specification of test statistics,2,"['BM Barber', 'JD Lyon']"
236,"Determinants of earnings forecast error, earnings forecast revision and earnings forecast accuracy",1,[]
237,Deviations from covered interest rate parity,3,"['A Verdelhan', 'W Du']"
238,Differences between politically connected and nonconnected firms: A cross‐country analysis,2,['M Faccio']
239,Differences in herding: Individual vs. institutional investors,1,[]
240,Differences of opinion and the cross section of stock returns,4,"['A Scherbina', 'CJ Malloy', 'KB Diether']"
241,Digesting anomalies: An investment approach,42,"['K Hou', 'C Xue', 'L Zhang']"
242,"Direct and mediated associations among earnings quality, information asymmetry, and the cost of equity",1,"['PM Olsson', 'F Ecker', 'N Bhattacharya']"
243,Disagreement and asset prices,1,"['BI Carlin', 'FA Longstaff']"
244,"Disagreement, tastes, and asset prices",1,['KR French']
245,"Disagreement, underreaction, and stock returns",1,"['KCJ Wei', 'L Cen', 'L Yang']"
246,Disaster on the horizon: The price effect of sea level rise,1,"['R Lewis', 'MT Gustafson', 'A Bernstein']"
247,Disclosure level and the cost of equity capital,2,['CA Botosan']
248,Disclosure quality and management trading incentives,1,['JL Rogers']
249,Discretionary-accruals models and audit qualifications,1,['E Bartov']
250,Disentangling equity return regularities: New insights and investment opportunities,1,['KN Levy']
251,Dissecting anomalies,2,['KR French']
252,Dissecting anomalies in Islamic stocks: Integrated or segmented pricing?,1,"['A Karathanasopoulos', 'A Maydybura', 'A Zaremba']"
253,Dissecting anomalies with a five-factor model,2,['KR French']
254,Dissecting characteristics nonparametrically,10,"['J Freyberger', 'A Neuhierl']"
255,Dissecting climate risks: Are they reflected in stock prices?,1,"['R Faccini', 'R Matin', 'G Skiadopoulos']"
256,Dissecting green returns,4,"['Ľ Pástor', 'LA Taylor', 'RF Stambaugh']"
257,Distressed firm and bankruptcy prediction in an international context: A review and empirical analysis of Altmans Z-score model,2,['M Iwanicz-Drozdowska']
258,Diversification and portfolio theory: a review,1,['GB Koumou']
259,Do behavioral biases adversely affect the macro-economy?,1,"['A Kumar', 'GM Korniotis']"
260,Do board gender quotas affect firm value? Evidence from California Senate Bill No. 826,1,"['KM Kahle', 'D Greene', 'VJ Intintoli']"
261,Do corporate taxes hinder innovation?,2,"['A Žaldokas', 'A Mukherjee', 'M Singh']"
262,Do expected shifts in inflation affect estimates of the long‐run Fisher relation?,1,"['MDD Evans', 'KK Lewis']"
263,Do insider trades reflect both contrarian beliefs and superior knowledge about future cash flow realizations?,1,"['JD Piotroski', 'DT Roulstone']"
264,Do institutional investors prefer near‐term earnings over long‐run value?,1,['BJ Bushee']
265,Do liquidity measures measure liquidity?,2,"['RY Goyenko', 'CA Trzcinka', 'CW Holden']"
266,"Do macro variables, asset markets, or surveys forecast inflation better?",1,"['G Bekaert', 'A Ang', 'M Wei']"
267,Do managers disclose or withhold bad news? Evidence from short interest,1,"['D Bao', 'GM Mian', 'L Su', 'Y Kim']"
268,Do measures of financial constraints measure financial constraints?,2,"['J Farre-Mensa', 'A Ljungqvist']"
269,Do mutual funds perform when it matters most to investors? US mutual fund performance and risk in recessions and expansions,1,['R Kosowski']
270,Do non–audit service fees impair auditor independence? Evidence from going concern audit opinions,1,"['K Raghunandan', 'ML DeFond']"
271,Do politically connected boards affect firm value?,2,['E Goldman']
272,Do prices reveal the presence of informed trading?,2,"['V Fos', 'P Collin‐Dufresne']"
273,Do socially (ir) responsible investments pay? New evidence from international ESG data,1,[]
274,Do stock prices fully reflect information in accruals and cash flows about future earnings?,1,['RG Sloan']
275,Do the Fama–French factors proxy for innovations in predictive variables?,2,['R Petkova']
276,Do unions affect innovation?,1,"['I Kim', 'D Bradley', 'X Tian']"
277,Does FinTech reduce corporate excess leverage? Evidence from China,1,['X Lai']
278,Does academic research destroy stock return predictability?,4,"['RD McLean', 'J Pontiff']"
279,Does beta move with news? Firm-specific information flows and learning about profitability,1,['AJ Patton']
280,Does corporate eco-innovation affect stock price crash risk?,1,"['M Haseeb', 'M Nadeem', 'R Zaman', 'N Atawnah']"
281,Does crackdown on corruption reduce stock price crash risk? Evidence from China,1,"['Y Xie', 'Y Chen']"
282,Does financial liberalization spur growth?,1,"['G Bekaert', 'CR Harvey', 'C Lundblad']"
283,Does gender diversity on corporate boards reduce information asymmetry in equity markets?,1,"['ME Lucas-Pérez', 'D Abad']"
284,Does geographic location matter to stock return predictability?,1,['I Chkir']
285,Does idiosyncratic volatility proxy for risk exposure?,1,"['R Petkova', 'Z Chen']"
286,Does option trading convey stock price information?,1,['J Hu']
287,Does q-theory with investment frictions explain anomalies in the cross section of returns?,1,"['L Zhang', 'D Li']"
288,Does realized skewness predict the cross-section of equity returns?,2,"['D Amaya', 'K Jacobs']"
289,Does risk management add value? A survey of the evidence,1,['BJ Simkins']
290,Does supply chain finance (SCF) alleviate funding constraints of SMEs? Evidence from China,1,"['Q Xie', 'JH Shen', 'CC Lee']"
291,Does the F-score improve the performance of different value investment strategies in Europe?,1,['J Äijö']
292,Does the implementation of green credit policy improve the ESG performance of enterprises? Evidence from a quasi-natural experiment in China,1,[]
293,Does the location of stock exchange matter? A within-country analysis,1,"['W Zhang', 'N Zhu']"
294,Does the market understand time variation in the equity premium?,1,"['E Lazarus', 'NJ Gormsen']"
295,Does the stock market fully value intangibles? Employee satisfaction and equity prices,1,['A Edmans']
296,Does the stock market overreact?,3,['R Thaler']
297,Does the volatility of volatility risk forecast future stock returns?,1,"['F Jawadi', 'R Bu', 'X Fu']"
298,Doing your literature review: Traditional and systematic techniques,1,[]
299,Dont Get Carried Away: Uncovering Macro Characteristics in Carry Portfolios,1,[]
300,Dotcom mania: The rise and fall of internet stock prices,2,['M Richardson']
301,Downside risk,3,"['J Chen', 'A Ang', 'Y Xing']"
302,Dumb money: Mutual fund flows and the cross-section of stock returns,1,['A Frazzini']
303,Dynamic asset pricing effects and incidence of realization-based capital gains taxes,1,[]
304,Dynamic asset pricing theory,3,['D Duffie']
305,Dynamic corporate liquidity,1,"['L Schmid', 'B Nikolov']"
306,ESG and responsible institutional investing around the world: A critical review,1,['P Matos']
307,"ESG did not immunize stocks during the COVID‐19 crisis, but investments in intangible assets did",1,"['J Hendrikse', 'E Demers']"
308,ESG performance and firm value: The moderating role of disclosure,3,[]
309,ESG rating disagreement and stock returns,8,['P Krueger']
310,ESG rating disagreement and stock returns: Evidence from China,1,[]
311,ESG shareholder engagement and downside risk,1,"['I Oikonomou', 'Z Sautner', 'AGF Hoepner']"
312,"ESG, liquidity, and stock returns",3,['D Luo']
313,Earnings announcements and systematic risk,2,"['M Wilson', 'P Savor']"
314,Earnings forecasting research: its implications for capital markets research,1,['LD Brown']
315,"Earnings management, firm performance, and the value of Indian manufacturing firms",1,['HS Mand']
316,Earnings manipulation and expected returns,2,"['MD Beneish', 'CMC Lee', 'DC Nichols']"
317,"Earnings manipulation, pension assumptions, and managerial investment decisions",1,"['D Bergstresser', 'M Desai', 'J Rauh']"
318,Earnings quality and short selling: Evidence from real earnings management in the United States,1,['KE Park']
319,Earnings quality and stock returns,1,"['N Jegadeesh', 'K Chan']"
320,Earnings quality measures and excess returns,1,['A Wagenhofer']
321,"Earnings surprises, growth expectations, and stock returns or dont let an earnings torpedo sink your portfolio",1,"['DJ Skinner', 'RG Sloan']"
322,Econometric measures of connectedness and systemic risk in the finance and insurance sectors,3,"['M Getmansky', 'M Billio', 'L Pelizzon']"
323,Economic activity of firms and asset prices,2,"['L Kogan', 'D Papanikolaou']"
324,Economic links and predictable returns,1,"['A Frazzini', 'L Cohen']"
325,"Economic policy uncertainty, oil and stock markets in BRIC: Evidence from quantiles analysis",1,[]
326,Economic significance of predictable variations in stock index returns,1,"['LR Glosten', 'R Jagannathan']"
327,Efficiency and the bear: Short sales and markets around the world,1,"['WN Goetzmann', 'N Zhu', 'A Bris']"
328,Efficient capital markets,4,[]
329,Efficient capital markets: II,12,[]
330,Electricity price forecasting: A review of the state-of-the-art with a look into the future,1,['R Weron']
331,Emerging equity market volatility,1,"['G Bekaert', 'CR Harvey']"
332,Emerging markets finance,1,"['G Bekaert', 'CR Harvey']"
333,Empirical asset pricing: Models and methods,2,['W Ferson']
334,Empirical cross-sectional asset pricing: a survey,3,['A Goyal']
335,"Empirical evidence on capital investment, growth options, and security returns",1,"['CW Anderson', 'L Garcia‐Feijoo']"
336,Empirical pricing kernels,1,['RF Engle']
337,Empirical tests of asset pricing models with individual assets: Resolving the errors-in-variables bias in risk premium estimation,1,"['K Pukthuanthong', 'N Jegadeesh', 'J Noh']"
338,"Employee satisfaction, labor market flexibility, and stock returns around the world",1,"['A Edmans', 'C Zhang', 'D Pu']"
339,"Environmental, social and governance (ESG) scores and financial performance of multilatinas: Moderating effects of geographic international diversification and …",1,"['J Aguilera-Caracuel', 'E Duque-Grisales']"
340,Equilibrium asset pricing under the Lévy process with stochastic volatility and moment risk premiums,1,"['JE Zhang', 'X Ruan', 'J Huang']"
341,Equity volatility term structures and the cross section of option returns,1,['A Vasquez']
342,Essays in financial economics,15,['K Li']
343,Essays on institutional investment and socially responsible investing,1,['L Schopohl']
344,Estimating standard errors in finance panel data sets: Comparing approaches,2,['MA Petersen']
345,Estimating the returns to insider trading: A performance-evaluation perspective,1,"['R Zeckhauser', 'A Metrick']"
346,Estimation of large dimensional conditional factor models in finance,1,"['P Gagliardini', 'O Scaillet']"
347,Evaluating cross-sectional forecasting models for implied cost of capital,1,"['KK Li', 'P Mohanram']"
348,Evaluation of clustering algorithms for financial risk analysis using MCDM methods,1,"['Y Peng', 'G Kou']"
349,Event studies: A review of issues and methodology,1,['PP Peterson']
350,Event study methods and evidence on their performance,1,[]
351,Evidence on the trade-off between real activities manipulation and accrual-based earnings management,2,['AY Zang']
352,Evolution in value relevance of accounting information,1,"['CG McClure', 'ME Barth']"
353,Ex ante skewness and expected stock returns,3,"['E Ghysels', 'RF Dittmar', 'J Conrad']"
354,Excess cash and stock returns,1,['M Simutin']
355,"Excess cash, trading continuity, and liquidity risk",1,"['K Mazouz', 'W Huang']"
356,Expected idiosyncratic volatility measures and expected returns,1,"['H He', 'JD Fink']"
357,Expected stock returns and volatility,1,"['GW Schwert', 'KR French', 'RF Stambaugh']"
358,Experimental research in financial accounting,2,"['R Libby', 'MW Nelson', 'R Bloomfield']"
359,Explaining the recent failure of value investing,1,"['A Srivastava', 'B Lev']"
360,Explanations for the volatility effect: An overview based on the CAPM assumptions,1,"['D Blitz', 'P Van Vliet']"
361,Exploring Macroeconomic Sensitivities: How* Investments Respond to Different Economic Environments,1,[]
362,"Extended dividend, cash flow, and residual income valuation models: Accounting for deviations from ideal conditions",2,['D Hess']
363,Extreme downside risk and expected stock returns,1,[]
364,Factor momentum,1,[]
365,Factor momentum everywhere,1,['BT Kelly']
366,Fair value accounting impact on decision-usefulness of accounting information: evidence from accounting standards update 2016–01 on the US insurance industry,1,[]
367,"Fear sentiment, uncertainty, and bitcoin price dynamics: The case of COVID-19",1,"['C Chen', 'N Zhao']"
368,Federal reserve monetary policy and industry stock returns,2,"['GR Jensen', 'RR Johnson']"
369,Feedback and contagion through distressed competition,1,"['H Guo', 'H Chen', 'Y Ji', 'WW Dou']"
370,Feedback trading: a review of theory and empirical evidence,1,"['B Gebka', 'F Economou', 'K Gavriilidis']"
371,Female board directorship and firm performance: What really matters?,1,"['M Bennouri', 'M Nekhili', 'H Nagati']"
372,"Female directors, capital structure, and financial distress",1,"['CJ García', 'B Herrero']"
373,FinBERT: A large language model for extracting information from financial text,1,"['Y Yang', 'AH Huang']"
374,Financial Distress Prediction in an International Context: A Review and Empirical Analysis of Altmans Z‐Score Model,4,['M Iwanicz‐Drozdowska']
375,Financial applications of machine learning: A literature review,1,['N Nazareth']
376,Financial attention,1,"['G Loewenstein', 'DJ Seppi', 'N Sicherman']"
377,Financial constraints and security issuance,1,[]
378,Financial constraints and stock returns,1,['C Polk']
379,"Financial constraints, R&D investment, and stock returns",1,['D Li']
380,"Financial constraints, asset tangibility, and corporate investment",1,"['M Campello', 'H Almeida']"
381,Financial decision-making in markets and firms: A behavioral perspective,2,['RH Thaler']
382,Financial decisions and markets: a course in asset pricing,6,['JY Campbell']
383,Financial development and economic growth: views and agenda,1,['R Levine']
384,"Financial distress and bankruptcy prediction among listed companies using accounting, market and macroeconomic variables",1,"['N Wilson', 'MH Tinoco']"
385,Financial distress and its determinants: Evidence from insurance companies in Ethiopia,1,[]
386,Financial distress and the cross‐section of equity returns,3,"['H Yan', 'L Garlappi']"
387,Financial distress prediction using integrated Z-score and multilayer perceptron neural networks,1,"['DL Olson', 'D Wu']"
388,"Financial distress, prediction, and strategies by firms: A systematic review of literature",1,"['EB Mallinguh', 'Z Zéman']"
389,Financial instrument fair values and nonfinancial firms,1,[]
390,Financial literacy and stock market participation,1,"['A Lusardi', 'M Van Rooij', 'R Alessie']"
391,"Financial literacy, retirement planning and household wealth",1,"['RJM Alessie', 'A Lusardi', 'MCJ Van Rooij']"
392,Financial machine learning,7,"['D Xiu', 'B Kelly']"
393,Financial markets and the real economy,2,['JH Cochrane']
394,Financial reporting complexity and investor underreaction to 10-K information,2,"['X Zhang', 'H You']"
395,Financial reporting fraud and other forms of misconduct: a multidisciplinary review of the literature,1,"['Z Bozanic', 'D Amiram']"
396,Financial reporting opacity and expected crash risk: Evidence from implied volatility smirks,1,['L Zhang']
397,Financial statement comparability and expected crash risk,1,"['LY Lu', 'Y Yu', 'L Li']"
398,Financially constrained stock returns,2,"['D Livdan', 'L Zhang']"
399,Finding anomalies in China,2,"['K Hou', 'F Qiao']"
400,Firm characteristics and stock returns: The role of investment-specific shocks,1,"['L Kogan', 'D Papanikolaou']"
401,"Firm characteristics, governance mechanisms, and ESG disclosure: how caring about sustainable concerns?",2,"['F Khalid', 'U Razi']"
402,Firm financing over the business cycle,1,"['J Salomao', 'J Begenau']"
403,"Firm headquarters location, ownership structure, and stock return co-movements",1,[]
404,"Firm-level productivity, risk, and return",3,"['A İmrohoroğlu', 'Ş Tüzel']"
405,Firm‐level climate change exposure,4,"['G Vilkov', 'Z Sautner', 'L Van Lent']"
406,Flights to safety,1,"['G Bekaert', 'K Inghelbrecht', 'L Baele']"
407,Forecasting: theory and practice,5,"['F Petropoulos', 'D Apiletti', 'V Assimakopoulos']"
408,Foreign ownership and stock liquidity uncertainty,1,"['R Faff', 'H Zhang']"
409,Foreign speculators and emerging equity markets,1,"['G Bekaert', 'CR Harvey']"
410,Forward and spot exchange rates,1,[]
411,Foundations of complexity economics,1,['WB Arthur']
412,Fraud triangle and earnings management based on the modified M-score: A study on manufacturing company in Indonesia,1,"['OA Wardhaningrum', 'NPDRH Narsa']"
413,Fraudulent financial reporting: Consideration of industry traits and corporate governance mechanisms,1,"['JV Carcello', 'MS Beasley', 'DR Hermanson']"
414,From efficient markets theory to behavioral finance,2,[]
415,From state to market: A survey of empirical studies on privatization,1,"['WL Megginson', 'JM Netter']"
416,Fundamental information analysis,1,['B Lev']
417,Funding black high-growth startups,1,"['LD Cook', 'M Marx', 'E Yimfor']"
418,Further tests of the ZCAPM asset pricing model,2,"['JZ Huang', 'JW Kolari']"
419,Futures manipulation with “cash settlement”,1,"['P Kumar', 'DJ Seppi']"
420,Game on: Social networks and markets,1,['LH Pedersen']
421,Generalized instrumental variables estimation of nonlinear rational expectations models,1,['LP Hansen']
422,Generalized reduced rank tests using the singular value decomposition,1,['F Kleibergen']
423,Generous charity to preserve green image? Exploring linkage between strategic donations and environmental misconduct,1,"['B Wu', 'A Monfort']"
424,Geopolitical risk and stock liquidity,1,['A Meles']
425,"Glamour acquirers, method of payment and post‐acquisition performance: the UK evidence",1,[]
426,Global portfolio optimization,1,['R Litterman']
427,Global pricing of carbon‐transition risk,1,"['P Bolton', 'M Kacperczyk']"
428,Good and bad uncertainty: Macroeconomic and financial market implications,5,"['I Shaliastovich', 'A Yaron', 'G Segal']"
429,"Good jumps, bad jumps, and conditional equity premium",1,"['H Guo', 'H Zhou']"
430,Goodwill impairment: The effects of public enforcement and monitoring by institutional investors,1,['WR Landsman']
431,"Government spending, political cycles, and the cross section of stock returns",1,"['F Belo', 'VD Gala', 'J Li']"
432,"Greenwashing in environmental, social and governance disclosures",2,"['B Van Luu', 'EP Yu']"
433,Guiding through the fog: Financial statement complexity and voluntary disclosure,1,"['D Taylor', 'D Samuels', 'W Guay']"
434,"Hard-to-value stocks, behavioral biases, and informed trading",1,['A Kumar']
435,Has goodwill accounting gone bad?,1,"['KK Li', 'RG Sloan']"
436,Has increased prominence of translation results changed net investment hedging practice?,1,['B Marshall']
437,Have financial statements lost their relevance?,2,[]
438,Have we solved the idiosyncratic volatility puzzle?,1,"['K Hou', 'RK Loh']"
439,Hedge fund benchmarks: A risk-based approach,1,['DA Hsieh']
440,Hedge funds: quantitative insights,1,[]
441,"Herding behaviour in energy stock markets during the Global Financial Crisis, SARS, and ongoing COVID-19",1,"['CL Chang', 'M McAleer']"
442,Herding in smart-beta investment products,1,"['KR Schenk-Hoppé', 'E Krkoska']"
443,"Heterogeneous beliefs, speculation, and the equity premium",1,['A David']
444,Heterogenous peer effects: How community connectivity affects car purchases,1,"['J Shemesh', 'Y Zenou', 'F Zapatero']"
445,Hexagon Fraud in Fraudulent Financial Statements: the Moderating Role of Audit Committee,1,"['V Diyanty', 'DS Nugroho']"
446,High idiosyncratic volatility and low returns: International and further US evidence,1,"['A Ang', 'Y Xing', 'X Zhang', 'RJ Hodrick']"
447,High policy uncertainty and low implied market volatility: An academic puzzle?,1,"['HD Dang', 'J Białkowski']"
448,High-frequency trading: a practical guide to algorithmic strategies and trading systems,1,['I Aldridge']
449,Higher-order moment risk connectedness and optimal investment strategies between international oil and commodity futures markets: Insights from the COVID-19 …,1,"['A Maghyereh', 'J Cui']"
450,"House prices, home equity–based borrowing, and the us household leverage crisis",1,"['A Mian', 'A Sufi']"
451,Household finance,1,['JY Campbell']
452,Housing and macroeconomics,1,"['M Schneider', 'M Piazzesi']"
453,"How distance, language, and culture influence stockholdings and trades",1,['M Grinblatt']
454,How do house prices affect consumption? Evidence from micro data,1,"['JY Campbell', 'JF Cocco']"
455,How do institutions trade around corporate news,1,"['H Tan', 'AG Huang', 'R Wermers']"
456,How do you capture liquidity? A review of the literature on low‐frequency stock liquidity,4,"['A Gregoriou', 'H Le']"
457,How does ESG disclosure improve stock liquidity for enterprises—empirical evidence from China,1,[]
458,How does financial reporting quality relate to investment efficiency?,1,"['RS Verdi', 'GC Biddle', 'G Hilary']"
459,How does telecommunications infrastructure affect eco-efficiency? Evidence from a quasi-natural experiment in China,1,"['M Irfan', 'H Wu', 'Y Hao']"
460,How does the market variance risk premium vary over time? Evidence from S&P 500 variance swap investment returns,1,"['E Konstantinidi', 'G Skiadopoulos']"
461,How much of the corporate-treasury yield spread is due to credit risk?,1,['JZ Huang']
462,How natural disasters affect energy innovation? The perspective of environmental sustainability,1,['XX Zhao']
463,How pervasive is corporate fraud?,1,"['A Morse', 'L Zingales', 'IJ Dyck']"
464,How valuable is financial flexibility when revenue stops? Evidence from the COVID-19 crisis,1,['R Fahlenbrach']
465,Human behavior and the efficiency of the financial system,1,[]
466,"Human capital, bankruptcy, and capital structure",1,"['JB Berk', 'R Stanton', 'J Zechner']"
467,IQ and stock market participation,1,['M Grinblatt']
468,Identifying expectation errors in value/glamour strategies: A fundamental analysis approach,1,"['JD Piotroski', 'EC So']"
469,Idiosyncratic information and the cost of equity capital: A meta-analytic review of the literature,1,['M Schreder']
470,"Idiosyncratic return volatility, cash flows, and product market competition",1,"['PJ Irvine', 'J Pontiff']"
471,Idiosyncratic risk and security returns,1,[]
472,Idiosyncratic risk and the cross-section of expected stock returns,1,['F Fu']
473,Idiosyncratic risk matters!,2,"['A Goyal', 'P Santa‐Clara']"
474,Illiquidity and stock returns: cross-section and time-series effects,9,['Y Amihud']
475,Immunizing markets against the pandemic: COVID-19 vaccinations and stock volatility around the world,1,"['W Rouatbi', 'R Kizys', 'E Demir', 'A Zaremba']"
476,Impact of ESG performance on firm value and profitability,1,"['M Aydoğmuş', 'G Gülay']"
477,Impact of earnings management on working capital management efficiency,1,"['KS Sawarni', 'PC Padhan']"
478,Impact of ethical screening on investment performance: the case of the Dow Jones Islamic Index,1,['A Hassan']
479,Impact of landfill garbage on insect ecology and human health,1,"['M Qasim', 'K He', 'A Noman']"
480,Implications of security market data for models of dynamic economies,1,"['LP Hansen', 'R Jagannathan']"
481,Improved and optimized recurrent neural network based on PSO and its application in stock price prediction,1,[]
482,Improving portfolio selection using option-implied volatility and skewness,1,"['V DeMiguel', 'R Uppal']"
483,In search of attention,3,"['P Gao', 'J Engelberg', 'Z Da']"
484,In search of distress risk,6,"['JY Campbell', 'J Hilscher']"
485,In short supply: Short-sellers and stock returns,1,"['MD Beneish', 'CMC Lee', 'DC Nichols']"
486,Income classification shifting and mispricing of core earnings,1,[]
487,Income hedging and portfolio decisions,1,"['Y Bonaparte', 'A Kumar', 'GM Korniotis']"
488,Independent boards and innovation,1,"['G Manso', 'L Fleming']"
489,Individual investors and financial disclosure,2,['A Lawrence']
490,Industries and stock return reversals,1,"['GM Mian', 'A Hameed']"
491,Industry concentration and average stock returns,1,"['K Hou', 'DT Robinson']"
492,Inefficient markets: An introduction to behavioural finance,2,['A Shleifer']
493,"Infected markets: Novel coronavirus, government interventions, and stock return volatility around the globe",4,"['R Kizys', 'E Demir', 'A Zaremba', 'DY Aharon']"
494,Inflation and asset returns in a monetary economy,1,[]
495,"Information Quality, Heterogenous Beliefs and Asset Pricing",2,['Z Qin']
496,"Information asymmetry, corporate disclosure, and the capital markets: A review of the empirical disclosure literature",1,"['PM Healy', 'KG Palepu']"
497,"Information asymmetry, information precision, and the cost of capital",1,['C Leuz']
498,Information content of equity analyst reports,1,"['P Asquith', 'MB Mikhail']"
499,Information disclosure in financial markets,1,"['I Goldstein', 'L Yang']"
500,Information linkages and correlated trading,1,"['P Colla', 'A Mele']"
501,Information uncertainty and expected returns,1,['CMC Lee']
502,Information uncertainty and stock returns,1,['XF Zhang']
503,Informed options trading before corporate events,1,"['P Augustin', 'MG Subrahmanyam']"
504,Informed options trading prior to takeover announcements: Insider trading?,1,"['P Augustin', 'M Brenner']"
505,"Informed trade, uninformed trade and stock price delay",1,['Q Wu']
506,Initial public offerings: A synthesis of the literature and directions for future research,1,"['E Volkova', 'M Lowry', 'R Michaely']"
507,Innovation decisions through firm life cycle: A new evidence from emerging markets,1,"['F Shahzad', 'M Ahmad', 'Z Fareed']"
508,"Innovation, future earnings, and market efficiency",2,['F Gu']
509,"Innovations in interest rates, duration transformation, and bank stock returns",1,[]
510,Innovative efficiency and stock returns,5,"['D Hirshleifer', 'D Li', 'PH Hsu']"
511,"Innovative originality, profitability, and stock returns",1,"['D Hirshleifer', 'D Li', 'PH Hsu']"
512,Input specificity and the propagation of idiosyncratic shocks in production networks,2,"['JN Barrot', 'J Sauvagnat']"
513,Inside the ESG ratings:(Dis) agreement and performance,2,"['C Latino', 'M Billio']"
514,Inside the investors brain: The power of mind over money,1,[]
515,Insider trading controversies: A literature review,1,['U Bhattacharya']
516,"Insider trading, earnings quality, and accrual mispricing",1,['MD Beneish']
517,Institutional industry herding,1,"['RW Sias', 'N Choi']"
518,Institutional investment constraints and stock prices,1,"['Q Wang', 'B Han', 'J Cao']"
519,Institutional investor stability and crash risk: Monitoring versus short-termism?,2,['X Fang']
520,Institutional investors and stock return anomalies,1,"['OS Ince', 'RM Edelen', 'GB Kadlec']"
521,Institutional trading around corporate news: Evidence from textual analysis,1,"['H Tan', 'AG Huang', 'R Wermers']"
522,Intangible assets–insights from a literature review,1,['ME Nichita']
523,Intangible capital and the investment-q relation,1,"['LA Taylor', 'RH Peters']"
524,Intangible intensity and stock price crash risk,1,['K Wu']
525,Intangible value,1,"['AL Eisfeldt', 'E Kim', 'D Papanikolaou']"
526,Integrating Factors in Market Indexes and Active Portfolios,1,['N Kumar']
527,Integrating corporate social responsibility criteria into executive compensation and firm innovation: International evidence,1,"['KT Wang', 'A Tsang']"
528,Interest rate risk and the cross section of stock returns,2,"['P Maio', 'A Lioui']"
529,Interest-rate risk and the pricing of depository financial intermediary common stock: Empirical evidence,1,[]
530,Intermediary asset pricing,1,"['Z He', 'A Krishnamurthy']"
531,Intermediary asset pricing: New evidence from many asset classes,1,"['Z He', 'A Manela', 'B Kelly']"
532,International Series in Operations Research & Management Science,4,[]
533,International accounting standards and accounting quality,1,"['WR Landsman', 'ME Barth']"
534,"International asset allocation under regime switching, skew, and kurtosis preferences",1,"['A Timmermann', 'M Guidolin']"
535,International asset allocation with regime shifts,2,"['G Bekaert', 'A Ang']"
536,International differences in the cost of equity capital: Do legal institutions and securities regulation matter?,2,"['L Hail', 'C Leuz']"
537,International portfolio choice and corporation finance: A synthesis,8,['B Dumas']
538,International stock return predictability: What is the role of the United States?,1,"['DE Rapach', 'G Zhou']"
539,International tests of a five-factor asset pricing model,1,['KR French']
540,International tests of the ZCAPM asset pricing model,2,"['JZ Huang', 'HA Butt', 'JW Kolari']"
541,International transmission of stock market movements,1,[]
542,International variations in ESG disclosure–do cross-listed companies care more?,2,"['B Van Luu', 'EP Yu']"
543,Investment analysis and portfolio management,1,[]
544,Investment performance of common stocks in relation to their price‐earnings ratios: A test of the efficient market hypothesis,1,[]
545,Investments,8,"['Z Bodie', 'AJ Marcus']"
546,Investor activism and takeovers,1,['R Greenwood']
547,Investor attention and stock market activity: Evidence from France,1,"['M Arouri', 'F Teulon', 'A Aouadi']"
548,Investor attention and stock market volatility,2,"['D Andrei', 'M Hasler']"
549,Investor attention and stock returns,1,"['G Tang', 'G Zhou']"
550,Investor psychology and asset pricing,11,['D Hirshleifer']
551,Investor psychology and security market under‐and overreactions,6,"['K Daniel', 'D Hirshleifer']"
552,Investor sentiment aligned: A powerful predictor of stock returns,5,"['F Jiang', 'D Huang', 'J Tu', 'G Zhou']"
553,Investor sentiment and option prices,2,['B Han']
554,Investor sentiment and the cross‐section of stock returns,7,"['M Baker', 'J Wurgler']"
555,"Investor sentiment, beta, and the cost of equity capital",1,"['JA Doukas', 'C Antoniou']"
556,Is accruals quality a priced risk factor?,1,"['JE Core', 'WR Guay', 'R Verdi']"
557,Is business saving really none of our business?,1,"['E Cavallo', 'R Bebczuk']"
558,Is momentum really momentum?,1,['R Novy-Marx']
559,Is size dead? A review of the size effect in equity returns,5,['MA Van Dijk']
560,Is the renminbi a safe-haven currency? Evidence from conditional coskewness and cokurtosis,1,['Y Zhou']
561,Is the risk of bankruptcy a systematic risk?,1,['ID Dichev']
562,Is there a cost to being socially responsible in investing?,1,[]
563,Is value riskier than growth?,2,"['L Zhang', 'R Petkova']"
564,It depends on where you search: Institutional investor attention and underreaction to news,1,"['A Ben-Rephael', 'Z Da']"
565,"Labor income, relative wealth concerns, and the cross section of stock returns",1,"['F Zapatero', 'R Priestley', 'JP Gómez']"
566,Labor mobility: Implications for asset pricing,1,[]
567,Labor share decline and intellectual property products capital,1,"['D Koh', 'R Santaeulàlia‐Llopis', 'Y Zheng']"
568,Labor unemployment risk and corporate financing decisions,1,"['AK Agrawal', 'DA Matsa']"
569,Labor-force heterogeneity and asset prices: The importance of skilled labor,2,"['X Lin', 'F Belo', 'X Zhao', 'J Li']"
570,Labor-market concentration and labor compensation,1,"['A Sojourner', 'Y Qiu']"
571,Large sample sieve estimation of semi-nonparametric models,2,['X Chen']
572,Learning in financial markets,1,"['L Pastor', 'P Veronesi']"
573,Learning optimized risk scores,1,"['C Rudin', 'B Ustun']"
574,"Leverage change, debt overhang, and stock prices",2,"['Z Zhang', 'J Cai']"
575,Levered returns,1,"['L Schmid', 'JF Gomes']"
576,Linguistic complexity in firm disclosures: Obfuscation or information?,1,"['DJ Taylor', 'BJ Bushee', 'ID Gow']"
577,Liquidity and asset prices,2,['Y Amihud']
578,Liquidity and expected returns: Lessons from emerging markets,1,"['G Bekaert', 'CR Harvey']"
579,Liquidity risk and expected stock returns,6,"['Ľ Pástor', 'RF Stambaugh']"
580,Local business cycles and local liquidity,1,"['G Korniotis', 'A Kumar', 'G Bernile']"
581,Local equity market participation and stock liquidity,2,['L Zhang']
582,"Local religious norms, corporate social responsibility, and firm value",1,"['D Osullivan', 'L Zolotoy', 'Y Chen']"
583,Local return factors and turnover in emerging stock markets,1,['KG Rouwenhorst']
584,Long-run productivity risk: A new hope for production-based asset pricing?,1,['MM Croce']
585,Long-run risk and the persistence of consumption shocks,2,"['F Ortu', 'A Tamoni', 'C Tebaldi']"
586,Long-term discount rates do not vary across firms,1,['JT Linnainmaa']
587,Low-risk investing without industry bets,1,"['LH Pedersen', 'A Frazzini']"
588,Low‐risk anomalies?,1,"['P Schneider', 'J Zechner', 'C Wagner']"
589,Machine learning for stock selection,1,[]
590,Machine learning methods for systemic risk analysis in financial sectors.,1,"['E Herrera Viedma', 'X Chao', 'G Kou', 'FE Alsaadi', 'Y Peng']"
591,Machine learning models and bankruptcy prediction,2,"['F Barboza', 'H Kimura']"
592,Machine learning techniques and data for stock market forecasting: A literature review,1,"['P Luukka', 'MM Kumbure', 'C Lohrmann']"
593,Macro-finance,1,['JH Cochrane']
594,Macroeconomic conditions and the puzzles of credit spreads and capital structure,1,['H Chen']
595,Man versus machine learning: The term structure of earnings expectations and conditional biases,1,"['X Han', 'JH Van Binsbergen']"
596,Manager sentiment and stock returns,2,"['F Jiang', 'J Lee', 'X Martin', 'G Zhou']"
597,Managerial incentives and risk-taking,1,"['JL Coles', 'ND Daniel', 'L Naveen']"
598,Mandatory CSR and sustainability reporting: Economic analysis and literature review,3,"['L Hail', 'C Leuz', 'HB Christensen']"
599,"Market efficiency, long-term returns, and behavioral finance",3,[]
600,Market liquidity and funding liquidity,1,"['MK Brunnermeier', 'LH Pedersen']"
601,Market liquidity as a sentiment indicator,2,"['M Baker', 'JC Stein']"
602,Market microstructure: A survey,4,[]
603,Market skewness risk and the cross section of stock returns,3,"['BY Chang', 'K Jacobs']"
604,Market states and momentum,1,"['RC Gutierrez Jr', 'MJ Cooper']"
605,Market tests of capital adequacy of large commercial banks,1,[]
606,Market timing and capital structure,1,"['M Baker', 'J Wurgler']"
607,"Market timing, investment, and risk management",1,"['N Wang', 'H Chen', 'P Bolton']"
608,"Masculinity, testosterone, and financial misreporting",1,"['Y Jia', 'LVAN LENT', 'Y Zeng']"
609,Matching and the changing properties of accounting earnings over the last 40 years,1,"['ID Dichev', 'VW Tang']"
610,Measuring abnormal bond performance,2,"['KM Kahle', 'H Bessembinder']"
611,Measuring and testing the impact of news on volatility,1,['RF Engle']
612,Measuring innovation and product differentiation: Evidence from mutual funds,1,['L Kostovetsky']
613,Measuring investor sentiment,1,['G Zhou']
614,Measuring liquidity in emerging markets,1,"['W Kang', 'H Zhang']"
615,Measuring qualitative information in capital markets research: Comparison of alternative methodologies to measure disclosure tone,1,"['AJ Leone', 'E Henry']"
616,Measuring the multi-faceted dimension of liquidity in financial markets: A literature review,2,"['A Escribano', 'A Díaz']"
617,Media coverage and the cross‐section of stock returns,1,"['L Fang', 'J Peress']"
618,"Media coverage of firms: Background, integration, and directions for future research",1,['AG Oliver']
619,"Media coverage, real earnings management, and long-run market performance: Evidence from Chinese IPOs",1,[]
620,Methodological issues related to the estimation of financial distress prediction models,2,[]
621,Micro data and general equilibrium models,2,"['LP Hansen', 'JJ Heckman', 'M Browning']"
622,Misbehaving: The making of behavioral economics,6,['RH Thaler']
623,Mispricing factors,10,"['Y Yuan', 'RF Stambaugh']"
624,Missing data in asset pricing panels,1,"['J Freyberger', 'A Neuhierl']"
625,Modelling abnormal returns: A review article,1,['N Strong']
626,Modelling asymmetric exchange rate dependence,1,['AJ Patton']
627,Modelling receivables and deferred revenues to detect revenue management,1,['J Zha Giedt']
628,Momentum has its moments,1,"['P Santa-Clara', 'P Barroso']"
629,Momentum investing and business cycle risk: Evidence from pole to pole,1,"['X Ji', 'JM Griffin', 'JS Martin']"
630,"Momentum profits, factor pricing, and macroeconomic risk",1,['L Zhang']
631,Momentum strategies,1,"['N Jegadeesh', 'LKC Chan']"
632,Monetary environments and international stock returns,2,"['GR Jensen', 'CM Conover', 'RR Johnson']"
633,Monetary policy and the stock market: theory and empirical evidence,2,[]
634,Monetary policy and the term structure of nominal interest rates: evidence and theory,1,[]
635,Money and the C-CAPM,2,"['D Huang', 'RJ Balvers']"
636,"More than a feeling: Confidence, uncertainty, and macroeconomic fluctuations",1,['L Nowzohour']
637,Multi-period corporate default prediction with stochastic covariates,1,"['K Wang', 'D Duffie']"
638,Multifactor explanations of asset pricing anomalies,2,['KR French']
639,Multifactor models and their consistency with the ICAPM,1,"['P Santa-Clara', 'P Maio']"
640,Multivariate tests of financial models: A new approach,1,[]
641,Mutual Funds R2 as Predictor of Performance,2,"['R Goyenko', 'Y Amihud']"
642,"Mutual fund performance: An empirical decomposition into stock‐picking talent, style, transactions costs, and expenses",3,['R Wermers']
643,Narrative economics: How stories go viral and drive major economic events,2,[]
644,Natural disasters and risk aversion,1,"['M Bourdeau-Brien', 'L Kryzanowski']"
645,Natural language based financial forecasting: a survey,1,"['E Cambria', 'FZ Xing']"
646,"Natural language processing in accounting, auditing and finance: A synthesis of the literature with a roadmap for future research",1,['IE Fisher']
647,"Neoclassical finance, behavioral finance and noise traders: A review and assessment of the literature",1,['V Ramiah']
648,Networks in production: Asset pricing implications,1,['B Herskovic']
649,New evidence and perspectives on mergers,1,"['M Mitchell', 'E Stafford']"
650,New low-frequency spread measures,1,['CW Holden']
651,Nominal rigidities and asset pricing,1,['M Weber']
652,Non-normal data: Is ANOVA still a valid option?,1,['MJ Blanca Mena']
653,Non-standard errors in asset pricing: Mind your sorts,1,"['P Verwijmeren', 'B Van Vliet', 'A Soebhag']"
654,"Nonlinear pricing kernels, kurtosis preference, and evidence from the cross section of equity returns",2,['RF Dittmar']
655,Non‐GAAP earnings disclosure in loss firms,1,"['D Veenman', 'E Leung']"
656,"Non‐fungible tokens (NFTs): A review of pricing determinants, applications and opportunities",1,"['R Kräussl', 'A Tugnetti']"
657,Numerical methods for unconstrained optimization and nonlinear equations,1,['JE Dennis Jr']
658,Oil and the stock markets,2,['CM Jones']
659,"Oil price shocks, economic policy uncertainty and industry stock returns in China: Asymmetric effects with quantile regression",1,[]
660,"Oil shocks, policy uncertainty and stock market return",1,"['W Kang', 'RA Ratti']"
661,On neural differential equations,1,['P Kidger']
662,On persistence in mutual fund performance,1,[]
663,On stock market returns and monetary policy,1,[]
664,On the Choi–Lam analogue of Hilberts 1888 theorem for symmetric forms,1,['B Reznick']
665,On the determinants and effects of corporate tax transparency: Review of an emerging literature,1,['C Spengel']
666,On the estimation of beta-pricing models,1,['J Shanken']
667,On the industry concentration of actively managed equity mutual funds,1,"['C Sialm', 'M Kacperczyk', 'L Zheng']"
668,On the timing and pricing of dividends,1,"['R Koijen', 'J Binsbergen']"
669,Operating leverage,1,['R Novy-Marx']
670,Opportunism as a firm and managerial trait: Predicting insider trading profits and misconduct,1,"['D Hirshleifer', 'U Ali']"
671,Optimal Domestic Equity Allocations for Australian Investors and the Role of Franking Credits,1,[]
672,Optimal consumption and investment with capital gains taxes,1,"['RM Dammon', 'CS Spatt']"
673,Optimal option portfolio strategies: Deepening the puzzle of index option mispricing,1,"['P Santa-Clara', 'JA Faias']"
674,Optimal trading of a security when there are taxes and transaction costs,1,[]
675,Option coskewness and capital asset pricing,1,[]
676,Option prices leading equity prices: Do option traders have an information advantage?,1,"['J Livnat', 'Y Zhang']"
677,Option pricing when underlying stock returns are discontinuous,1,[]
678,Options trading activity and firm valuation,1,"['A Subrahmanyam', 'E Schwartz']"
679,Organization capital and the cross‐section of expected returns,1,"['AL Eisfeldt', 'D Papanikolaou']"
680,Organizational transparency: A new perspective on managing trust in organization-stakeholder relationships,1,"['EC Tomlinson', 'AK Schnackenberg']"
681,Organizations and societal economic inequality: A review and way forward,1,"['G Ertug', 'H Bapuji']"
682,Other comprehensive income: a review and directions for future research,1,['DE Black']
683,Overconfidence and speculative bubbles,1,"['JA Scheinkman', 'W Xiong']"
684,"Ownership structure, deregulation, and bank risk taking",1,"['A Saunders', 'NG Travlos']"
685,Panel data models with interactive fixed effects,1,['J Bai']
686,Parameter learning in general equilibrium: The asset pricing implications,1,"['M Johannes', 'P Collin-Dufresne']"
687,Parametric portfolio policies: Exploiting characteristics in the cross-section of equity returns,1,['P Santa-Clara']
688,Payout policy,5,"['F Allen', 'J Farre-Mensa', 'R Michaely']"
689,Peer versus pure benchmarks in the compensation of mutual fund managers,1,"['L Ma', 'R Evans', 'Y Tang', 'JP Gómez']"
690,Pension accounting and research: a review,1,[]
691,Performance characteristics of hedge funds and commodity funds: Natural vs. spurious biases,1,['DA Hsieh']
692,Performances and risk of socially responsible investments across regions during crisis,1,"['F Pizzutilo', 'HH Lean']"
693,Perspectives on the future of asset pricing,1,"['RSJ Koijen', 'M Brunnermeier']"
694,Persuasive evidence of market inefficiency,2,[]
695,Policy uncertainty and stock market volatility revisited: the predictive role of signal quality,1,"['R Demirer', 'AA Salisu']"
696,"Policy uncertainty, irreversibility, and cross-border flows of capital",1,['B Julio']
697,"Political climate, optimism, and investment decisions",1,['Y Bonaparte']
698,Political connections and corporate investments: Evidence from the recent anti-corruption campaign in China,1,"['X Pan', 'GG Tian']"
699,Political connections and the cost of equity capital,2,"['D Mishra', 'N Boubakri', 'O Guedhami', 'W Saffar']"
700,Political polarization in financial news,1,"['N Gupta', 'E Goldman', 'R Israelsen']"
701,"Political risk, economic risk, and financial risk",1,['CR Harvey']
702,Political uncertainty and IPO activity: Evidence from US gubernatorial elections,2,"['A Durnev', 'Y Qian', 'G Çolak']"
703,Political uncertainty and investment: Causal evidence from US gubernatorial elections,1,['CE Jens']
704,Politically connected firms,1,['M Faccio']
705,Portfolio choice over the life cycle: A survey,1,['F Gomes']
706,Portfolio selection with higher moments,1,"['CR Harvey', 'JC Liechty']"
707,Positive accounting theory,1,"['JL Zimmerman', 'RL Watts']"
708,Post loss/profit announcement drift,1,"['E Bartov', 'K Balakrishnan', 'L Faurel']"
709,Post-earnings-announcement drift: delayed price response or risk premium?,2,['JK Thomas']
710,Predictable risk and returns in emerging markets,2,['CR Harvey']
711,Predicting excess stock returns out of sample: Can anything beat the historical average?,1,['JY Campbell']
712,Predicting future earnings changes using machine learning and detailed financial data,1,"['X Chen', 'B Lev', 'Y Dou', 'YH Cho']"
713,Predicting material accounting misstatements,3,"['PM Dechow', 'W Ge', 'CR Larson']"
714,Predicting stock returns in the presence of COVID-19 pandemic: The role of health news,1,['AA Salisu']
715,Predicting takeover targets: A methodological and empirical analysis,1,['KG Palepu']
716,Prediction of financial distress: An empirical study of listed Chinese companies using data mining,1,"['X Chen', 'R Geng']"
717,Presidential address: Discount rates,9,['JH Cochrane']
718,Presidential address: The scientific outlook in financial economics,1,['CR Harvey']
719,Price discovery in CDS and equity markets: Default risk-based heterogeneity in the systematic investment grade and high yield sectors,1,['WJ Procasky']
720,Price dynamics in limit order markets,1,['CA Parlour']
721,Price momentum and trading volume,2,"['CMC Lee', 'B Swaminathan']"
722,Priced risk in corporate bonds,3,"['P Mueller', 'A Dickerson']"
723,Prices of state-contingent claims implicit in option prices,1,['DT Breeden']
724,Pricing an emerging industry: evidence from internet subsidiary carve-outs,1,['MJ Schill']
725,Pricing climate change exposure,1,"['G Vilkov', 'Z Sautner', 'L Van Lent']"
726,Pricing model performance and the two‐pass cross‐sectional regression methodology,1,"['R Kan', 'J Shanken']"
727,Principles of corporate finance,1,['F Allen']
728,Private or public equity? The evolving entrepreneurial finance landscape,1,"['J Farre-Mensa', 'M Ewens']"
729,Product market competition and industry returns,1,[]
730,Product market competition in a world of cross-ownership: Evidence from institutional blockholdings,1,"['J He', 'J Huang']"
731,Product market power and stock market liquidity,1,['JR Kale']
732,"Product market threats, payouts, and financial flexibility",2,"['G Phillips', 'N Prabhala', 'G Hoberg']"
733,Production networks and stock returns: The role of vertical creative destruction,1,"['M Gofman', 'Y Wu', 'G Segal']"
734,Production-based measures of risk for asset pricing,1,['F Belo']
735,"Profitability, audit quality, and firm value: Case on Indonesian manufacturing companies",1,['AL Wijaya']
736,"Profitability, investment and average returns",2,['KR French']
737,"Prospect theory, mental accounting, and momentum",2,"['B Han', 'M Grinblatt']"
738,Protection of trade secrets and capital structure decisions,1,"['M Serfling', 'H Ortiz-Molina']"
739,Puzzles in international financial markets,2,['KK Lewis']
740,Quadratic shrinkage for large covariance matrices,1,"['O Ledoit', 'M Wolf']"
741,Quality minus junk,3,"['LH Pedersen', 'A Frazzini']"
742,"Quantitative risk management: concepts, techniques and tools-revised edition",1,"['R Frey', 'AJ McNeil']"
743,R 2 and the Economy,1,"['R Morck', 'B Yeung']"
744,R&D Expenditures and Idiosyncratic Risk: Good and Bad Volatility,1,[]
745,R&D and the incentives from merger and acquisition activity,1,"['A Zhdanov', 'GM Phillips']"
746,Ratings-driven demand and systematic price fluctuations,1,"['A Rossi', 'Y Song', 'I Ben-David', 'J Li']"
747,Rational contagion and the globalization of securities markets,1,"['EG Mendoza', 'GA Calvo']"
748,Rationality and analysts forecast bias,1,[]
749,Re-evaluating portfolio diversification and design using cryptocurrencies: Are decentralized cryptocurrencies enough?,2,"['M Prasad', 'A Khaki', 'W Bakry']"
750,Readability of 10‐K reports and stock price crash risk,1,"['C Kim', 'L Zhang', 'K Wang']"
751,Readability of accounting disclosures: a comprehensive review and research agenda,1,"['J Le Maux', 'AM Gosselin']"
752,Real asset illiquidity and the cost of capital,1,"['GM Phillips', 'H Ortiz-Molina']"
753,Real earnings management and future performance,1,"['MS Nazir', 'A Kaleem']"
754,Real earnings management and stock returns: moderating role of cross-sectional effects,1,"['A Ali', 'M Bansal']"
755,Real effects of financial reporting and disclosure on innovation,1,['A Tamayo']
756,Real-time profitability of published anomalies: An out-of-sample test,1,"['JZ Huang', 'Z Huang']"
757,Realized skewness at high frequency and the link to a conditional market premium,1,['Z Liu']
758,Recursive macroeconomic theory,1,['L Ljungqvist']
759,Red versus Blue: Do Political Dimensions Influence the Investment Preferences of State Pension Funds?,1,"['L Schopohl', 'AGF Hoepner']"
760,Regional economic activity and stock returns,1,['E Smajlbegovic']
761,Religion and stock price crash risk,2,['X Fang']
762,Replicating anomalies,67,"['K Hou', 'C Xue', 'L Zhang']"
763,Responding to diffused stakeholders on social media: Connective power and firm reactions to CSR-related Twitter messages,1,"['C Guo', 'GD Saxton', 'C Ren']"
764,Restoring trust after fraud: Does corporate governance matter?,1,['DB Farber']
765,Resurrecting the value premium,1,"['D Blitz', 'MX Hanauer']"
766,Retail investor attention and stock price crash risk: evidence from China,1,"['L Xu', 'F Wen', 'G Kou']"
767,Rethinking financial contagion: Information transmission mechanism during the COVID-19 pandemic,1,"['JW Goodell', 'J Brzeszczyński', 'L Yarovaya']"
768,Returns of claims on the upside and the viability of U-shaped pricing kernels,2,"['G Bakshi', 'G Panayotov', 'D Madan']"
769,Returns to contrarian investment strategies: Tests of naive expectations hypotheses,1,"['PM Dechow', 'RG Sloan']"
770,Review of new trends in the literature on factor models and mutual fund performance,1,"['IB Mateus', 'C Mateus', 'N Todorovic']"
771,"Rich pickings? Risk, return, and skill in household wealth",1,"['L Bach', 'P Sodini', 'LE Calvet']"
772,"Rising intangible capital, shrinking debt capacity, and the US corporate savings glut",1,"['D Kadyrzhanova', 'A Falato']"
773,Risk aversion and wealth: Evidence from person-to-person lending portfolios,1,"['V Rappoport', 'E Ravina']"
774,Risk management in banking,1,[]
775,Risk management: Coordinating corporate investment and financing policies,1,"['DS Scharfstein', 'JC Stein', 'KA Froot']"
776,Risk measurement when shares are subject to infrequent trading,2,['E Dimson']
777,"Risk, return, and equilibrium: Empirical tests",4,[]
778,Risks and portfolio decisions involving hedge funds,3,['V Agarwal']
779,Risks and returns of cryptocurrency,4,"['Y Liu', 'A Tsyvinski']"
780,Risks for the long run: A potential resolution of asset pricing puzzles,1,"['A Yaron', 'R Bansal']"
781,Risks for the long run: Estimation with time aggregation,2,"['A Yaron', 'D Kiku', 'R Bansal']"
782,Rumors,1,[]
783,Stock markets reaction to money supply: A nonparametric analysis,2,['A Taamouti']
784,The development of Chinas stock market and stakes for the global economy,1,"['JN Carpenter', 'RF Whitelaw']"
785,"The effects of earnings quality, conservatism, and real earnings management on the companys performance and information asymmetry as a moderating variable",1,['NM Machdar']
786,The governance effect of the medias news dissemination role: Evidence from insider trading,1,"['JT Parwada', 'L Dai']"
787,Uncovering hedge fund skill from the portfolio holdings they hide,1,"['V Agarwal', 'W Jiang', 'Y Tang', 'B Yang']"
788,Understanding commonality in liquidity around the world,2,"['GA Karolyi', 'MA Van Dijk']"
789,"Understanding earnings quality: A review of the proxies, their determinants and their consequences",9,"['P Dechow', 'W Ge', 'C Schrand']"
790,Understanding the small business sector,1,['DJ Storey']
791,Understanding the term structure of credit default swap spreads,1,"['Y Zhou', 'B Han']"
792,Universal banking and firm risk-taking,1,"['K John', 'A Saunders']"
793,Unprofitable affiliates and income shifting behavior,1,"['L De Simone', 'KJ Klassen']"
794,Using and interpreting fixed effects models,1,"['E Dehaan', 'M Breuer']"
795,Using artificial neural networks to pick stocks,1,['L Kryzanowski']
796,Value and growth investing: Review and update,4,['LKC Chan']
797,Value at risk: the new benchmark for managing financial risk,1,['P Jorion']
798,Value investing: The use of historical financial statement information to separate winners from losers,5,['JD Piotroski']
799,Value versus growth: The international evidence,2,['KR French']
800,Value-relevance of corporate social responsibility: Evidence from short selling,1,"['A Jain', 'PK Jain', 'Z Rezaee']"
801,Variable rare disasters: An exactly solved framework for ten puzzles in macro-finance,1,['X Gabaix']
802,Variable selection and corporate bankruptcy forecasts,1,"['H Guo', 'Y Yu']"
803,"Variance risk premia, asset predictability puzzles, and macroeconomic uncertainty",1,['H Zhou']
804,Variance-of-variance risk premium,1,['A Kaeck']
805,Volatility and the cross-section of corporate bond returns,2,"['C Wu', 'KH Chung']"
806,Volatility in international stock markets: An empirical study during COVID-19,1,"['H Gupta', 'R Chaudhary', 'P Bakhshi']"
807,"Volatility, Duration, and Value-At-Risk",1,[]
808,"Volatility, distress risk, and the cross-section of portfolio returns",1,[]
809,"Volatility, the macroeconomy, and asset prices",2,"['I Shaliastovich', 'D Kiku', 'R Bansal']"
810,Volatility-of-volatility and tail risk hedging returns,1,['YH Park']
811,Volatility‐managed portfolios,1,['A Moreira t Muir']
812,"Voluntary disclosure, earnings quality, and cost of capital",2,"['P Olsson', 'D Nanda']"
813,Voluntary nonfinancial disclosure and the cost of equity capital: The initiation of corporate social responsibility reporting,2,"['A Tsang', 'OZ Li']"
814,What are the consequences of real earnings management?,2,['KA Gunny']
815,What drives stock price movements?,1,['Z Da']
816,What explains the dynamics of 100 anomalies?,2,[]
817,What explains the stock markets reaction to Federal Reserve policy?,1,['KN Kuttner']
818,What factors drive global stock returns?,2,"['K Hou', 'GA Karolyi']"
819,What is the Expected Return on a Stock?,1,"['C Wagner', 'IWR Martin']"
820,What is the Expected Return on the Market?,1,['I Martin']
821,What makes firms vulnerable to the Russia–Ukraine crisis?,2,"['W Abbassi', 'DK Pandey', 'V Kumari']"
822,What matters in corporate governance?,1,"['L Bebchuk', 'A Cohen']"
823,What ties return volatilities to price valuations and fundamentals?,1,"['A David', 'P Veronesi']"
824,Whats good for you is good for me: the effect of CEO inside debt on the cost of equity,1,"['CH Shen', 'H Zhang']"
825,Whats vol got to do with it,1,"['I Drechsler', 'A Yaron']"
826,When and how is voluntary disclosure quality reflected in equity prices?,2,['F Eugster']
827,When does the peer information environment matter?,1,"['BP Yost', 'RS Verdi', 'N Shroff']"
828,When selling becomes viral Disruptions in debt markets in the COVID-19 crisis and the Feds response,2,"['V Haddad', 'A Moreira t Muir']"
829,Where is the risk in value? Evidence from a market‐to‐book decomposition,2,['A Golubov']
830,Which shorts are informed?,1,"['CM Jones', 'X Zhang', 'E Boehmer']"
831,Who gambles in the stock market?,1,['A Kumar']
832,Why and how investors use ESG information: Evidence from a global survey,1,"['A Amel-Zadeh', 'G Serafeim']"
833,Why do investors hold socially responsible mutual funds?,1,"['A Riedl', 'P Smeets']"
834,Why is there a home bias? An analysis of foreign portfolio equity ownership in Japan,1,['JK Kang']
835,Why mutual funds “underperform”,1,['V Glode']
836,Wisdom of crowds: The value of stock opinions transmitted through social media,1,"['P De', 'H Chen', 'Y Hu', 'BH Hwang']"
837,"Yes, the APT is testable",1,['PH Dybvig']
838,Your money and your brain: how the new science of neuroeconomics can help make you rich,1,[]
839,ZETATM analysis A new model to identify bankruptcy risk of corporations,1,[]
840,… and the cross-section of expected returns,207,"['Y Liu', 'H Zhu', 'CR Harvey']"
