,title,search_hit_count,google_scholar_citation_count,authors
328,efficient capital markets,4,38502,[]
164,common risk factors in the returns on stocks and bonds,7,36708,['KR French']
139,capital asset prices a theory of market equilibrium under conditions of risk,2,34308,['WF Sharpe']
662,on persistence in mutual fund performance,1,23662,[]
727,principles of corporate finance,1,22032,['F Allen']
777,risk return and equilibrium empirical tests,4,19757,[]
344,estimating standard errors in finance panel data sets comparing approaches,2,13563,['MA Petersen']
383,financial development and economic growth views and agenda,1,13431,['R Levine']
474,illiquidity and stock returns cross section and time series effects,9,13405,['Y Amihud']
296,does the stock market overreact ,3,12938,['R Thaler']
57,an empirical evaluation of accounting income numbers,3,12644,"['P Brown', 'R Ball']"
707,positive accounting theory,1,12140,"['RL Watts', 'JL Zimmerman']"
657,numerical methods for unconstrained optimization and nonlinear equations,1,11985,['JE Dennis Jr']
6,a closed form solution for options with stochastic volatility with applications to bond and currency options,2,11741,[]
191,corporate governance and equity prices,5,11690,"['P Gompers', 'A Metrick']"
496,information asymmetry corporate disclosure and the capital markets a review of the empirical disclosure literature,1,11415,"['PM Healy', 'KG Palepu']"
329,efficient capital markets ii,12,11065,[]
638,multifactor explanations of asset pricing anomalies,2,10284,['KR French']
27,a review of the earnings management literature and its implications for standard setting,2,10214,"['PM Healy', 'JM Wahlen']"
62,an intertemporal capital asset pricing model,4,9782,[]
14,a five factor asset pricing model,15,9418,['KR French']
790,understanding the small business sector,1,8991,['DJ Storey']
677,option pricing when underlying stock returns are discontinuous,1,8701,[]
21,a model of investor sentiment,4,8417,"['A Shleifer', 'N Barberis']"
599,market efficiency long term returns and behavioral finance,3,8366,[]
551,investor psychology and security market under and overreactions,6,8295,"['K Daniel', 'D Hirshleifer']"
545,investments,8,8197,"['Z Bodie', 'AJ Marcus']"
32,a simple model of capital market equilibrium with incomplete information,1,8133,[]
554,investor sentiment and the cross section of stock returns,7,7751,"['J Wurgler', 'M Baker']"
180,contrarian investment extrapolation and risk,2,7428,['A Shleifer']
742,quantitative risk management concepts techniques and tools revised edition,1,7388,"['AJ McNeil', 'R Frey']"
17,a guide to modern econometrics,2,7383,['M Verbeek']
274,do stock prices fully reflect information in accruals and cash flows about future earnings ,1,7382,['RG Sloan']
579,liquidity risk and expected stock returns,6,7171,"['RF Stambaugh', 'Ľ Pástor']"
797,value at risk the new benchmark for managing financial risk,1,6862,['P Jorion']
247,disclosure level and the cost of equity capital,2,6782,['CA Botosan']
606,market timing and capital structure,1,6630,"['J Wurgler', 'M Baker']"
600,market liquidity and funding liquidity,1,6527,"['LH Pedersen', 'MK Brunnermeier']"
124,by force of habit a consumption based explanation of aggregate stock market behavior,3,6490,"['JH Cochrane', 'JY Campbell']"
33,a survey of behavioral finance,1,6077,"['N Barberis', 'R Thaler']"
1,a survey of behavioral finance,5,6070,['N Barberis']
611,measuring and testing the impact of news on volatility,1,6032,['RF Engle']
357,expected stock returns and volatility,1,5989,"['KR French', 'RF Stambaugh', 'GW Schwert']"
181,controlled markov processes and viscosity solutions,1,5976,['HM Soner']
41,a unified theory of underreaction momentum trading and overreaction in asset markets,4,5871,"['JC Stein', 'H Hong']"
789,understanding earnings quality a review of the proxies their determinants and their consequences,9,5826,"['C Schrand', 'P Dechow', 'W Ge']"
704,politically connected firms,1,5686,['M Faccio']
822,what matters in corporate governance ,1,5608,"['A Cohen', 'L Bebchuk']"
304,dynamic asset pricing theory,3,5405,['D Duffie']
415,from state to market a survey of empirical studies on privatization,1,5331,"['JM Netter', 'WL Megginson']"
533,international accounting standards and accounting quality,1,5321,"['ME Barth', 'WR Landsman']"
544,investment performance of common stocks in relation to their price earnings ratios a test of the efficient market hypothesis,1,5196,[]
532,international series in operations research management science,4,5165,[]
492,inefficient markets an introduction to behavioural finance,2,5046,['A Shleifer']
173,conservatism in accounting part i explanations and implications,1,4971,['RL Watts']
649,new evidence and perspectives on mergers,1,4963,"['E Stafford', 'M Mitchell']"
390,financial literacy and stock market participation,1,4800,"['M Van Rooij', 'R Alessie', 'A Lusardi']"
620,methodological issues related to the estimation of financial distress prediction models,2,4767,[]
86,asset pricing with liquidity risk,6,4711,"['VV Acharya', 'LH Pedersen']"
780,risks for the long run a potential resolution of asset pricing puzzles,1,4710,"['R Bansal', 'A Yaron']"
813,voluntary nonfinancial disclosure and the cost of equity capital the initiation of corporate social responsibility reporting,2,4677,"['OZ Li', 'A Tsang']"
775,risk management coordinating corporate investment and financing policies,1,4675,"['JC Stein', 'DS Scharfstein', 'KA Froot']"
141,capital structure decisions which factors are reliably important ,1,4424,"['VK Goyal', 'MZ Frank']"
10,a comprehensive look at the empirical performance of equity premium prediction,4,4352,"['A Goyal', 'I Welch']"
235,detecting long run abnormal stock returns the empirical power and specification of test statistics,2,4319,"['BM Barber', 'JD Lyon']"
198,corporate social responsibility and access to finance,2,4166,"['G Serafeim', 'I Ioannou']"
213,costs of equity and earnings attributes,1,4117,['PM Olsson']
61,an intertemporal asset pricing model with stochastic consumption and investment opportunities,1,4111,['DT Breeden']
451,household finance,1,4031,['JY Campbell']
839,zetatm analysis a new model to identify bankruptcy risk of corporations,1,3888,[]
458,how does financial reporting quality relate to investment efficiency ,1,3867,"['GC Biddle', 'G Hilary', 'RS Verdi']"
550,investor psychology and asset pricing,11,3828,['D Hirshleifer']
421,generalized instrumental variables estimation of nonlinear rational expectations models,1,3769,['LP Hansen']
799,value versus growth the international evidence,2,3768,['KR French']
776,risk measurement when shares are subject to infrequent trading,2,3739,['E Dimson']
597,managerial incentives and risk taking,1,3686,"['ND Daniel', 'JL Coles', 'L Naveen']"
483,in search of attention,3,3626,"['P Gao', 'J Engelberg', 'Z Da']"
95,bad news travels slowly size analyst coverage and the profitability of momentum strategies,1,3607,"['JC Stein', 'H Hong']"
46,accounting information disclosure and the cost of capital,3,3592,['C Leuz']
543,investment analysis and portfolio management,1,3554,[]
694,persuasive evidence of market inefficiency,2,3513,[]
414,from efficient markets theory to behavioral finance,2,3507,[]
351,evidence on the trade off between real activities manipulation and accrual based earnings management,2,3507,['AY Zang']
169,conditional skewness in asset pricing tests,4,3501,"['A Siddique', 'CR Harvey']"
437,have financial statements lost their relevance ,2,3441,[]
817,what explains the stock markets reaction to federal reserve policy ,1,3414,['KN Kuttner']
67,another puzzle the growth in actively managed mutual funds,2,3296,['MJ Gruber']
282,does financial liberalization spur growth ,1,3269,"['G Bekaert', 'CR Harvey', 'C Lundblad']"
410,forward and spot exchange rates,1,3255,[]
709,post earnings announcement drift delayed price response or risk premium ,2,3252,['JK Thomas']
622,misbehaving the making of behavioral economics,6,3213,['RH Thaler']
210,correlations in price changes and volatility across international stock markets,1,3185,"['RW Masulis', 'Y Hamao']"
631,momentum strategies,1,3173,"['N Jegadeesh', 'LKC Chan']"
723,prices of state contingent claims implicit in option prices,1,3131,['DT Breeden']
39,a test of the efficiency of a given portfolio,1,3131,['J Shanken']
484,in search of distress risk,6,3120,"['J Hilscher', 'JY Campbell']"
111,beyond greed and fear understanding behavioral finance and the psychology of investing,2,3092,['H Shefrin']
422,generalized reduced rank tests using the singular value decomposition,1,3089,['F Kleibergen']
711,predicting excess stock returns out of sample can anything beat the historical average ,1,3075,['JY Campbell']
683,overconfidence and speculative bubbles,1,3003,"['W Xiong', 'JA Scheinkman']"
758,recursive macroeconomic theory,1,2936,['L Ljungqvist']
221,cultural biases in economic exchange ,1,2882,"['L Zingales', 'L Guiso', 'P Sapienza']"
322,econometric measures of connectedness and systemic risk in the finance and insurance sectors,3,2879,"['M Getmansky', 'M Billio', 'L Pelizzon']"
295,does the stock market fully value intangibles employee satisfaction and equity prices,1,2856,['A Edmans']
626,modelling asymmetric exchange rate dependence,1,2797,['AJ Patton']
110,betting against beta,1,2795,"['LH Pedersen', 'A Frazzini']"
426,global portfolio optimization,1,2775,['R Litterman']
233,default risk in equity returns,3,2767,['Y Xing']
409,foreign speculators and emerging equity markets,1,2761,"['G Bekaert', 'CR Harvey']"
241,digesting anomalies an investment approach,42,2757,"['K Hou', 'C Xue', 'L Zhang']"
251,dissecting anomalies,2,2680,['KR French']
331,emerging equity market volatility,1,2672,"['G Bekaert', 'CR Harvey']"
774,risk management in banking,1,2652,[]
642,mutual fund performance an empirical decomposition into stock picking talent style transactions costs and expenses,3,2644,['R Wermers']
298,doing your literature review traditional and systematic techniques,1,2635,[]
240,differences of opinion and the cross section of stock returns,4,2623,"['CJ Malloy', 'A Scherbina', 'KB Diether']"
321,earnings surprises growth expectations and stock returns or dont let an earnings torpedo sink your portfolio,1,2596,"['DJ Skinner', 'RG Sloan']"
175,constraints on short selling and asset price adjustment to private information,2,2563,['DW Diamond']
717,presidential address discount rates,9,2559,['JH Cochrane']
713,predicting material accounting misstatements,3,2490,"['CR Larson', 'W Ge', 'PM Dechow']"
502,information uncertainty and stock returns,1,2449,['XF Zhang']
207,corporate tax avoidance and stock price crash risk firm level analysis,1,2390,"['L Zhang', 'Y Li']"
710,predictable risk and returns in emerging markets,2,2384,['CR Harvey']
721,price momentum and trading volume,2,2381,"['B Swaminathan', 'CMC Lee']"
537,international portfolio choice and corporation finance a synthesis,8,2355,['B Dumas']
658,oil and the stock markets,2,2344,['CM Jones']
541,international transmission of stock market movements,1,2330,[]
617,media coverage and the cross section of stock returns,1,2330,"['L Fang', 'J Peress']"
58,an empirical investigation of the arbitrage pricing theory,2,2317,[]
715,predicting takeover targets a methodological and empirical analysis,1,2312,['KG Palepu']
380,financial constraints asset tangibility and corporate investment,1,2300,"['M Campello', 'H Almeida']"
834,why is there a home bias an analysis of foreign portfolio equity ownership in japan,1,2279,['JK Kang']
453,how distance language and culture influence stockholdings and trades,1,2254,['M Grinblatt']
535,international asset allocation with regime shifts,2,2209,"['A Ang', 'G Bekaert']"
446,high idiosyncratic volatility and low returns international and further us evidence,1,2186,"['A Ang', 'RJ Hodrick', 'X Zhang', 'Y Xing']"
270,do non audit service fees impair auditor independence evidence from going concern audit opinions,1,2137,"['ML DeFond', 'K Raghunandan']"
831,who gambles in the stock market ,1,2107,['A Kumar']
480,implications of security market data for models of dynamic economies,1,2105,"['LP Hansen', 'R Jagannathan']"
666,on the estimation of beta pricing models,1,2104,['J Shanken']
416,fundamental information analysis,1,2077,['B Lev']
116,bond risk premia,1,2057,"['JH Cochrane', 'M Piazzesi']"
601,market liquidity as a sentiment indicator,2,2047,"['JC Stein', 'M Baker']"
82,asset growth and the cross section of stock returns,4,2045,"['MJ Cooper', 'H Gulen', 'MJ Schill']"
264,do institutional investors prefer near term earnings over long run value ,1,2035,['BJ Bushee']
63,analyst coverage and earnings management,1,2017,['FF Yu']
153,christopher,1,1996,[]
65,anomalies and market efficiency,10,1970,['GW Schwert']
330,electricity price forecasting a review of the state of the art with a look into the future,1,1932,['R Weron']
536,international differences in the cost of equity capital do legal institutions and securities regulation matter ,2,1908,"['C Leuz', 'L Hail']"
685,panel data models with interactive fixed effects,1,1907,['J Bai']
413,fraudulent financial reporting consideration of industry traits and corporate governance mechanisms,1,1858,"['JV Carcello', 'MS Beasley', 'DR Hermanson']"
764,restoring trust after fraud does corporate governance matter ,1,1850,['DB Farber']
265,do liquidity measures measure liquidity ,2,1845,"['RY Goyenko', 'CA Trzcinka', 'CW Holden']"
798,value investing the use of historical financial statement information to separate winners from losers,5,1841,['JD Piotroski']
652,non normal data is anova still a valid option ,1,1831,['MJ Blanca Mena']
200,corporate social responsibility and firm risk theory and empirical evidence,4,1830,"['R Albuquerque', 'Y Koskinen']"
8,a comparative analysis of current credit risk models,1,1821,['D Galai']
378,financial constraints and stock returns,1,1820,['C Polk']
249,discretionary accruals models and audit qualifications,1,1815,['E Bartov']
78,are insider trades informative ,1,1814,['I Lee']
271,do politically connected boards affect firm value ,2,1810,['E Goldman']
278,does academic research destroy stock return predictability ,4,1753,"['RD McLean', 'J Pontiff']"
832,why and how investors use esg information evidence from a global survey,1,1748,"['A Amel-Zadeh', 'G Serafeim']"
454,how do house prices affect consumption evidence from micro data,1,1731,"['JF Cocco', 'JY Campbell']"
461,how much of the corporate treasury yield spread is due to credit risk ,1,1730,['JZ Huang']
450,house prices home equity based borrowing and the us household leverage crisis,1,1730,"['A Mian', 'A Sufi']"
94,bad beta good beta,2,1722,['JY Campbell']
159,commercial bank net interest margins default risk interest rate risk and off balance sheet banking,1,1719,[]
205,corporate sustainability first evidence on materiality,1,1716,"['G Serafeim', 'A Yoon']"
145,cash flow patterns as a proxy for firm life cycle,1,1713,['V Dickinson']
812,voluntary disclosure earnings quality and cost of capital,2,1712,"['P Olsson', 'D Nanda']"
48,accounting valuation market expectation and cross sectional stock returns,1,1696,"['R Frankel', 'CMC Lee']"
530,intermediary asset pricing,1,1686,"['A Krishnamurthy', 'Z He']"
473,idiosyncratic risk matters ,2,1685,"['A Goyal', 'P Santa‐Clara']"
381,financial decision making in markets and firms a behavioral perspective,2,1669,['RH Thaler']
23,a new approach to measuring financial contagion,1,1667,"['RM Stulz', 'KH Bae', 'GA Karolyi']"
778,risks and portfolio decisions involving hedge funds,3,1665,['V Agarwal']
602,market microstructure a survey,4,1658,[]
684,ownership structure deregulation and bank risk taking,1,1638,"['NG Travlos', 'A Saunders']"
840, and the cross section of expected returns,207,1628,"['H Zhu', 'CR Harvey', 'Y Liu']"
324,economic links and predictable returns,1,1623,"['A Frazzini', 'L Cohen']"
121,breadth of ownership and stock returns,2,1602,"['J Chen', 'JC Stein', 'H Hong']"
578,liquidity and expected returns lessons from emerging markets,1,1594,"['G Bekaert', 'CR Harvey']"
358,experimental research in financial accounting,2,1586,"['MW Nelson', 'R Libby', 'R Bloomfield']"
472,idiosyncratic risk and the cross section of expected stock returns,1,1582,['F Fu']
667,on the industry concentration of actively managed equity mutual funds,1,1567,"['L Zheng', 'C Sialm', 'M Kacperczyk']"
391,financial literacy retirement planning and household wealth,1,1562,"['RJM Alessie', 'MCJ Van Rooij', 'A Lusardi']"
301,downside risk,3,1560,"['A Ang', 'J Chen', 'Y Xing']"
561,is the risk of bankruptcy a systematic risk ,1,1530,['ID Dichev']
663,on stock market returns and monetary policy,1,1498,[]
100,bankruptcy prediction in banks and firms via statistical and intelligent techniques a review,1,1495,"['V Ravi', 'PR Kumar']"
583,local return factors and turnover in emerging stock markets,1,1489,['KG Rouwenhorst']
604,market states and momentum,1,1487,"['MJ Cooper', 'RC Gutierrez Jr']"
43,accounting accruals and auditor reporting conservatism,1,1475,"['JR Francis', 'J Krishnan']"
736,profitability investment and average returns,2,1469,['KR French']
19,a liquidity augmented capital asset pricing model,3,1457,[]
225,dealer versus auction markets a paired comparison of execution costs on nasdaq and the nyse,1,1456,[]
836,wisdom of crowds the value of stock opinions transmitted through social media,1,1453,"['P De', 'H Chen', 'BH Hwang', 'Y Hu']"
747,rational contagion and the globalization of securities markets,1,1428,"['EG Mendoza', 'GA Calvo']"
737,prospect theory mental accounting and momentum,2,1426,"['M Grinblatt', 'B Han']"
498,information content of equity analyst reports,1,1410,"['P Asquith', 'MB Mikhail']"
629,momentum investing and business cycle risk evidence from pole to pole,1,1408,"['X Ji', 'JS Martin', 'JM Griffin']"
176,consumer confidence and asset prices some empirical evidence,1,1394,['M Lemmon']
571,large sample sieve estimation of semi nonparametric models,2,1392,['X Chen']
748,rationality and analysts forecast bias,1,1381,[]
300,dotcom mania the rise and fall of internet stock prices,2,1377,['M Richardson']
637,multi period corporate default prediction with stochastic covariates,1,1362,"['D Duffie', 'K Wang']"
193,corporate governance product market competition and equity prices,2,1353,"['HM Mueller', 'X Giroud']"
439,hedge fund benchmarks a risk based approach,1,1335,['DA Hsieh']
16,a framework for understanding and researching audit quality,1,1322,['JR Francis']
762,replicating anomalies,67,1311,"['K Hou', 'C Xue', 'L Zhang']"
30,a risk return paradox for strategic management,1,1298,[]
302,dumb money mutual fund flows and the cross section of stock returns,1,1289,['A Frazzini']
308,esg performance and firm value the moderating role of disclosure,3,1287,[]
83,asset pricing at the millennium,7,1273,['JY Campbell']
101,bankruptcy prediction using support vector machine with optimal choice of kernel function parameters,1,1272,['YC Lee']
327,efficiency and the bear short sales and markets around the world,1,1265,"['WN Goetzmann', 'N Zhu', 'A Bris']"
192,corporate governance and firm performance,1,1256,"['LD Brown', 'ML Caylor']"
56,an empirical analysis of illegal insider trading,1,1250,[]
491,industry concentration and average stock returns,1,1233,"['DT Robinson', 'K Hou']"
253,dissecting anomalies with a five factor model,2,1227,['KR French']
830,which shorts are informed ,1,1223,"['X Zhang', 'E Boehmer', 'CM Jones']"
801,variable rare disasters an exactly solved framework for ten puzzles in macro finance,1,1221,['X Gabaix']
833,why do investors hold socially responsible mutual funds ,1,1203,"['P Smeets', 'A Riedl']"
465,human behavior and the efficiency of the financial system,1,1201,[]
523,intangible capital and the investment q relation,1,1200,"['LA Taylor', 'RH Peters']"
577,liquidity and asset prices,2,1195,['Y Amihud']
28,a review of the empirical disclosure literature discussion,2,1192,['JE Core']
34,a survey of systemic risk analytics,3,1188,['M Flood']
680,organizational transparency a new perspective on managing trust in organization stakeholder relationships,1,1173,"['EC Tomlinson', 'AK Schnackenberg']"
266,do macro variables asset markets or surveys forecast inflation better ,1,1172,"['A Ang', 'G Bekaert', 'M Wei']"
119,book to market equity distress risk and stock returns,1,1160,"['JM Griffin', 'ML Lemmon']"
512,input specificity and the propagation of idiosyncratic shocks in production networks,2,1160,"['J Sauvagnat', 'JN Barrot']"
170,conditioning variables and the cross section of stock returns,2,1157,"['CR Harvey', 'WE Ferson']"
732,product market threats payouts and financial flexibility,2,1140,"['G Phillips', 'G Hoberg', 'N Prabhala']"
238,differences between politically connected and nonconnected firms a cross country analysis,2,1137,['M Faccio']
374,financial distress prediction in an international context a review and empirical analysis of altmans z score model,4,1131,['M Iwanicz‐Drozdowska']
182,corporate bond liquidity before and after the onset of the subprime crisis,1,1116,"['P Feldhütter', 'D Lando', 'J Dick-Nielsen']"
130,covid 19 and the march 2020 stock market crash evidence from s p1500,1,1108,"['M Dang', 'M Mazur', 'M Vega']"
144,carry trades and global foreign exchange volatility,3,1105,"['M Schmeling', 'L Sarno', 'L Menkhoff']"
539,international tests of a five factor asset pricing model,1,1103,['KR French']
640,multivariate tests of financial models a new approach,1,1102,[]
739,puzzles in international financial markets,2,1099,['KK Lewis']
643,narrative economics how stories go viral and drive major economic events,2,1096,[]
654,nonlinear pricing kernels kurtosis preference and evidence from the cross section of equity returns,2,1089,['RF Dittmar']
349,event studies a review of issues and methodology,1,1086,['PP Peterson']
177,consumption based asset pricing,2,1082,['JY Campbell']
138,can time varying risk of rare disasters explain aggregate stock market volatility ,1,1081,['JA Wachter']
332,emerging markets finance,1,1076,"['G Bekaert', 'CR Harvey']"
510,innovative efficiency and stock returns,5,1068,"['D Li', 'PH Hsu', 'D Hirshleifer']"
152,choosing factors,4,1062,['KR French']
552,investor sentiment aligned a powerful predictor of stock returns,5,1061,"['J Tu', 'F Jiang', 'G Zhou', 'D Huang']"
679,organization capital and the cross section of expected returns,1,1053,"['D Papanikolaou', 'AL Eisfeldt']"
779,risks and returns of cryptocurrency,4,1044,"['A Tsyvinski', 'Y Liu']"
691,performance characteristics of hedge funds and commodity funds natural vs spurious biases,1,1031,['DA Hsieh']
319,earnings quality and stock returns,1,1028,"['K Chan', 'N Jegadeesh']"
77,are financial assets priced locally or globally ,5,1025,"['RM Stulz', 'GA Karolyi']"
353,ex ante skewness and expected stock returns,3,1005,"['RF Dittmar', 'E Ghysels', 'J Conrad']"
70,arbitrage asymmetry and the idiosyncratic volatility puzzle,8,1000,"['Y Yuan', 'J Yu', 'RF Stambaugh']"
80,are the fama and french factors global or country specific ,1,991,['JM Griffin']
150,characteristics of a firms information environment and the information asymmetry between insiders and outsiders,1,990,['R Frankel']
591,machine learning models and bankruptcy prediction,2,989,"['H Kimura', 'F Barboza']"
147,causal relations among stock returns interest rates real activity and inflation,1,979,[]
741,quality minus junk,3,975,"['LH Pedersen', 'A Frazzini']"
128,ceo age and the riskiness of corporate policies,1,971,['MA Serfling']
45,accounting for intangibles a literature review,1,965,[]
699,political connections and the cost of equity capital,2,960,"['N Boubakri', 'O Guedhami', 'W Saffar', 'D Mishra']"
2,a unified theory of tobins q corporate investment financing and risk management,1,951,"['P Bolton', 'H Chen', 'N Wang']"
623,mispricing factors,10,949,"['Y Yuan', 'RF Stambaugh']"
73,are us industries becoming more concentrated ,2,943,"['G Grullon', 'R Michaely']"
470,idiosyncratic return volatility cash flows and product market competition,1,940,"['J Pontiff', 'PJ Irvine']"
701,political risk economic risk and financial risk,1,940,['CR Harvey']
268,do measures of financial constraints measure financial constraints ,2,934,"['A Ljungqvist', 'J Farre-Mensa']"
3,a behavioral approach to asset pricing,1,925,['H Shefrin']
720,price dynamics in limit order markets,1,924,['CA Parlour']
326,economic significance of predictable variations in stock index returns,1,916,"['LR Glosten', 'R Jagannathan']"
628,momentum has its moments,1,914,"['P Barroso', 'P Santa-Clara']"
275,do the fama french factors proxy for innovations in predictive variables ,2,909,['R Petkova']
563,is value riskier than growth ,2,905,"['R Petkova', 'L Zhang']"
393,financial markets and the real economy,2,901,['JH Cochrane']
516,insider trading earnings quality and accrual mispricing,1,897,['MD Beneish']
497,information asymmetry information precision and the cost of capital,1,890,['C Leuz']
598,mandatory csr and sustainability reporting economic analysis and literature review,3,880,"['L Hail', 'C Leuz', 'HB Christensen']"
12,a consumption based explanation of expected stock returns,1,874,['M Yogo']
136,covid 19s impact on stock prices across different sectors an event study based on the chinese stock market,1,871,['Y Sun']
244,disagreement tastes and asset prices,1,869,['KR French']
336,empirical pricing kernels,1,865,['RF Engle']
594,macroeconomic conditions and the puzzles of credit spreads and capital structure,1,862,['H Chen']
788,understanding commonality in liquidity around the world,2,861,"['MA Van Dijk', 'GA Karolyi']"
825,whats vol got to do with it,1,859,"['I Drechsler', 'A Yaron']"
339,environmental social and governance esg scores and financial performance of multilatinas moderating effects of geographic international diversification and ,1,857,"['E Duque-Grisales', 'J Aguilera-Caracuel']"
228,decoding inside information,2,853,"['L Pomorski', 'C Malloy', 'L Cohen']"
467,iq and stock market participation,1,850,['M Grinblatt']
471,idiosyncratic risk and security returns,1,845,[]
348,evaluation of clustering algorithms for financial risk analysis using mcdm methods,1,829,"['G Kou', 'Y Peng']"
531,intermediary asset pricing new evidence from many asset classes,1,829,"['Z He', 'A Manela', 'B Kelly']"
15,a flow based explanation for return predictability,1,819,['D Lou']
818,what factors drive global stock returns ,2,818,"['K Hou', 'GA Karolyi']"
115,boardroom centrality and firm performance,1,814,"['DF Larcker', 'CCY Wang', 'EC So']"
214,country responses and the reaction of the stock market to covid 19 a preliminary exposition,1,807,"['PK Narayan', 'DHB Phan']"
610,measuring abnormal bond performance,2,803,"['H Bessembinder', 'KM Kahle']"
538,international stock return predictability what is the role of the united states ,1,802,"['DE Rapach', 'G Zhou']"
237,deviations from covered interest rate parity,3,796,"['A Verdelhan', 'W Du']"
703,political uncertainty and investment causal evidence from us gubernatorial elections,1,794,['CE Jens']
166,comparing the post earnings announcement drift for surprises calculated from analyst and time series forecasts,1,793,"['RR Mendenhall', 'J Livnat']"
246,disaster on the horizon the price effect of sea level rise,1,791,"['A Bernstein', 'R Lewis', 'MT Gustafson']"
314,earnings forecasting research its implications for capital markets research,1,788,['LD Brown']
91,audit committee financial expertise and earnings management the role of status,1,788,"['DC Donelson', 'M Ege']"
466,human capital bankruptcy and capital structure,1,787,"['J Zechner', 'R Stanton', 'JB Berk']"
140,capital structure as a strategic variable evidence from collective bargaining,1,784,['DA Matsa']
625,modelling abnormal returns a review article,1,783,['N Strong']
90,attention to global warming,1,777,"['Z Gao', 'D Choi', 'W Jiang']"
814,what are the consequences of real earnings management ,2,770,['KA Gunny']
5,a boosted decision tree approach using bayesian hyper parameter optimization for credit scoring,1,765,['Y Xia']
345,estimating the returns to insider trading a performance evaluation perspective,1,761,"['A Metrick', 'R Zeckhauser']"
488,independent boards and innovation,1,756,"['G Manso', 'L Fleming']"
761,religion and stock price crash risk,2,755,['X Fang']
103,behavioral finance,10,754,['D Hirshleifer']
489,individual investors and financial disclosure,2,748,['A Lawrence']
350,event study methods and evidence on their performance,1,740,[]
158,climate risks and market efficiency,3,739,"['J Xu', 'H Hong', 'FW Li']"
142,carbon tail risk,2,739,"['Z Sautner', 'E Ilhan', 'G Vilkov']"
519,institutional investor stability and crash risk monitoring versus short termism ,2,735,['X Fang']
98,bankruptcy classification errors in the 1980s an empirical analysis of altmans and ohlsons models,1,731,[]
448,high frequency trading a practical guide to algorithmic strategies and trading systems,1,726,['I Aldridge']
641,mutual funds r2 as predictor of performance,2,718,"['Y Amihud', 'R Goyenko']"
263,do insider trades reflect both contrarian beliefs and superior knowledge about future cash flow realizations ,1,718,"['DT Roulstone', 'JD Piotroski']"
493,infected markets novel coronavirus government interventions and stock return volatility around the globe,4,717,"['DY Aharon', 'E Demir', 'R Kizys', 'A Zaremba']"
394,financial reporting complexity and investor underreaction to 10 k information,2,713,"['X Zhang', 'H You']"
222,currency momentum strategies,1,712,"['M Schmeling', 'L Sarno', 'L Menkhoff']"
501,information uncertainty and expected returns,1,712,['CMC Lee']
189,corporate governance and board of directors the effect of a board composition on firm sustainability performance,1,711,['V Naciti']
706,portfolio selection with higher moments,1,707,"['JC Liechty', 'CR Harvey']"
72,arbitrage risk and the book to market anomaly,1,706,['A Ali']
75,are busy boards detrimental ,1,706,"['L Field', 'M Lowry', 'A Mkrtchyan']"
38,a taxonomy of anomalies and their trading costs,4,699,"['M Velikov', 'R Novy-Marx']"
407,forecasting theory and practice,5,698,"['D Apiletti', 'V Assimakopoulos', 'F Petropoulos']"
224,customer base concentration implications for firm performance and capital markets 2011 american accounting association competitive manuscript award winner,1,694,['PN Patatoukas']
621,micro data and general equilibrium models,2,689,"['M Browning', 'LP Hansen', 'JJ Heckman']"
433,guiding through the fog financial statement complexity and voluntary disclosure,1,689,"['D Taylor', 'W Guay', 'D Samuels']"
546,investor activism and takeovers,1,686,['R Greenwood']
384,financial distress and bankruptcy prediction among listed companies using accounting market and macroeconomic variables,1,677,"['N Wilson', 'MH Tinoco']"
137,can twitter help predict firm level earnings and stock returns ,1,676,"['PS Mohanram', 'L Faurel', 'E Bartov']"
256,dissecting green returns,4,669,"['RF Stambaugh', 'LA Taylor', 'Ľ Pástor']"
106,behavioral inattention,1,665,['X Gabaix']
254,dissecting characteristics nonparametrically,10,652,"['A Neuhierl', 'J Freyberger']"
568,labor unemployment risk and corporate financing decisions,1,646,"['DA Matsa', 'AK Agrawal']"
558,is momentum really momentum ,1,641,['R Novy-Marx']
37,a tale of values driven and profit seeking social investors,1,640,"['J Derwall', 'K Koedijk']"
564,it depends on where you search institutional investor attention and underreaction to news,1,639,"['A Ben-Rephael', 'Z Da']"
371,female board directorship and firm performance what really matters ,1,638,"['H Nagati', 'M Nekhili', 'M Bennouri']"
379,financial constraints r d investment and stock returns,1,627,['D Li']
204,corporate social responsibility firm value and influential institutional ownership,1,624,"['B Buchanan', 'C Chen']"
464,how valuable is financial flexibility when revenue stops evidence from the covid 19 crisis,1,618,['R Fahlenbrach']
196,corporate political connections and tax aggressiveness,1,610,"['C Kim', 'L Zhang']"
556,is accruals quality a priced risk factor ,1,604,"['R Verdi', 'WR Guay', 'JE Core']"
92,audit reporting for going concern uncertainty a research synthesis,1,598,"['NL Fargher', 'E Carson', 'MA Geiger']"
108,behavioural finance a review and synthesis,2,597,['A Subrahmanyam']
716,prediction of financial distress an empirical study of listed chinese companies using data mining,1,589,"['X Chen', 'R Geng']"
596,manager sentiment and stock returns,2,588,"['F Jiang', 'G Zhou', 'X Martin', 'J Lee']"
687,parametric portfolio policies exploiting characteristics in the cross section of equity returns,1,587,['P Santa-Clara']
745,r d and the incentives from merger and acquisition activity,1,587,"['A Zhdanov', 'GM Phillips']"
288,does realized skewness predict the cross section of equity returns ,2,587,"['K Jacobs', 'D Amaya']"
796,value and growth investing review and update,4,586,['LKC Chan']
202,corporate social responsibility as an employee governance tool evidence from a quasi experiment,1,574,"['C Flammer', 'J Luo']"
548,investor attention and stock market volatility,2,572,"['D Andrei', 'M Hasler']"
335,empirical evidence on capital investment growth options and security returns,1,567,"['CW Anderson', 'L Garcia‐Feijoo']"
309,esg rating disagreement and stock returns,8,567,['P Krueger']
97,banking sector performance during the covid 19 crisis,1,564,"['C Ruiz-Ortega', 'A Demirgüç-Kunt', 'A Pedraza']"
630,momentum profits factor pricing and macroeconomic risk,1,561,['L Zhang']
517,institutional industry herding,1,549,"['N Choi', 'RW Sias']"
68,applications of deep learning in stock market prediction recent progress,1,544,['W Jiang']
405,firm level climate change exposure,4,542,"['L Van Lent', 'Z Sautner', 'G Vilkov']"
261,do corporate taxes hinder innovation ,2,542,"['M Singh', 'A Mukherjee', 'A Žaldokas']"
432,greenwashing in environmental social and governance disclosures,2,541,"['EP Yu', 'B Van Luu']"
603,market skewness risk and the cross section of stock returns,3,539,"['K Jacobs', 'BY Chang']"
769,returns to contrarian investment strategies tests of naive expectations hypotheses,1,538,"['RG Sloan', 'PM Dechow']"
311,esg shareholder engagement and downside risk,1,537,"['Z Sautner', 'I Oikonomou', 'AGF Hoepner']"
660,oil shocks policy uncertainty and stock market return,1,535,"['RA Ratti', 'W Kang']"
609,matching and the changing properties of accounting earnings over the last 40 years,1,529,"['ID Dichev', 'VW Tang']"
428,good and bad uncertainty macroeconomic and financial market implications,5,525,"['G Segal', 'A Yaron', 'I Shaliastovich']"
811,volatility managed portfolios,1,523,['A Moreira t Muir']
668,on the timing and pricing of dividends,1,512,"['R Koijen', 'J Binsbergen']"
534,international asset allocation under regime switching skew and kurtosis preferences,1,512,"['M Guidolin', 'A Timmermann']"
730,product market competition in a world of cross ownership evidence from institutional blockholdings,1,512,"['J He', 'J Huang']"
425,glamour acquirers method of payment and post acquisition performance the uk evidence,1,510,[]
231,deep learning in asset pricing,9,509,"['J Zhu', 'L Chen', 'M Pelger']"
273,do socially ir responsible investments pay new evidence from international esg data,1,504,[]
96,bank risk and monetary policy,1,502,"['Y Altunbas', 'L Gambacorta']"
820,what is the expected return on the market ,1,500,['I Martin']
52,aggregate and firm level stock returns during pandemics in real time,3,496,"['PK Schott', 'AN Greenland', 'A Chari']"
513,inside the esg ratings dis agreement and performance,2,494,"['C Latino', 'M Billio']"
562,is there a cost to being socially responsible in investing ,1,493,[]
553,investor sentiment and option prices,2,493,['B Han']
174,consolidation fragmentation and the disclosure of trading information,1,493,[]
242,direct and mediated associations among earnings quality information asymmetry and the cost of equity,1,493,"['F Ecker', 'N Bhattacharya', 'PM Olsson']"
559,is size dead a review of the size effect in equity returns,5,488,['MA Van Dijk']
718,presidential address the scientific outlook in financial economics,1,488,['CR Harvey']
434,hard to value stocks behavioral biases and informed trading,1,487,['A Kumar']
772,rising intangible capital shrinking debt capacity and the us corporate savings glut,1,487,"['D Kadyrzhanova', 'A Falato']"
607,market timing investment and risk management,1,487,"['P Bolton', 'H Chen', 'N Wang']"
190,corporate governance and capital structure dynamics,1,486,"['B Nikolov', 'N Schürhoff', 'E Morellec']"
435,has goodwill accounting gone bad ,1,486,"['KK Li', 'RG Sloan']"
431,government spending political cycles and the cross section of stock returns,1,484,"['VD Gala', 'J Li', 'F Belo']"
669,operating leverage,1,484,['R Novy-Marx']
163,common risk factors in cryptocurrency,5,483,"['A Tsyvinski', 'X Wu', 'Y Liu']"
702,political uncertainty and ipo activity evidence from us gubernatorial elections,2,480,"['Y Qian', 'A Durnev', 'G Çolak']"
49,accruals cash flows and operating profitability in the cross section of stock returns,1,479,"['V Nikolaev', 'J Gerakos', 'JT Linnainmaa', 'R Ball']"
809,volatility the macroeconomy and asset prices,2,477,"['D Kiku', 'R Bansal', 'I Shaliastovich']"
427,global pricing of carbon transition risk,1,477,"['P Bolton', 'M Kacperczyk']"
615,measuring qualitative information in capital markets research comparison of alternative methodologies to measure disclosure tone,1,474,"['E Henry', 'AJ Leone']"
132,covid 19 lockdowns stimulus packages travel bans and stock returns,1,472,"['PK Narayan', 'G Liu', 'DHB Phan']"
148,causes and consequences of goodwill impairment losses,1,469,"['IX Zhang', 'PK Shroff', 'R Venkataraman', 'Z Li']"
317,earnings manipulation pension assumptions and managerial investment decisions,1,467,"['M Desai', 'D Bergstresser', 'J Rauh']"
494,inflation and asset returns in a monetary economy,1,466,[]
696,policy uncertainty irreversibility and cross border flows of capital,1,455,['B Julio']
47,accounting narratives and the narrative turn in accounting research issues theory methodology methods and a research framework,1,455,[]
146,cash holdings risk and expected returns,2,454,['B Palazzo']
127,ceo age and stock price crash risk,1,453,"['C Louca', 'PC Andreou', 'AP Petrou']"
397,financial statement comparability and expected crash risk,1,452,"['Y Yu', 'L Li', 'LY Lu']"
396,financial reporting opacity and expected crash risk evidence from implied volatility smirks,1,451,['L Zhang']
404,firm level productivity risk and return,3,450,"['A İmrohoroğlu', 'Ş Tüzel']"
593,macro finance,1,448,['JH Cochrane']
232,deep learning based feature engineering for stock price movement prediction,1,446,[]
276,do unions affect innovation ,1,444,"['D Bradley', 'X Tian', 'I Kim']"
386,financial distress and the cross section of equity returns,3,441,"['L Garlappi', 'H Yan']"
165,common stock returns surrounding earnings forecast revisions more puzzling evidence,1,440,[]
572,learning in financial markets,1,438,"['P Veronesi', 'L Pastor']"
262,do expected shifts in inflation affect estimates of the long run fisher relation ,1,437,"['MDD Evans', 'KK Lewis']"
575,levered returns,1,433,"['JF Gomes', 'L Schmid']"
212,costly information processing evidence from earnings announcements,2,433,['J Engelberg']
20,a measure of competition based on 10 k filings,1,428,"['R Lundholm', 'M Minnis']"
576,linguistic complexity in firm disclosures obfuscation or information ,1,427,"['BJ Bushee', 'ID Gow', 'DJ Taylor']"
645,natural language based financial forecasting a survey,1,427,"['E Cambria', 'FZ Xing']"
786,the governance effect of the medias news dissemination role evidence from insider trading,1,427,"['JT Parwada', 'L Dai']"
634,monetary policy and the term structure of nominal interest rates evidence and theory,1,418,[]
828,when selling becomes viral disruptions in debt markets in the covid 19 crisis and the feds response,2,417,"['V Haddad', 'A Moreira t Muir']"
726,pricing model performance and the two pass cross sectional regression methodology,1,412,"['R Kan', 'J Shanken']"
452,housing and macroeconomics,1,406,"['M Schneider', 'M Piazzesi']"
835,why mutual funds underperform ,1,405,['V Glode']
395,financial reporting fraud and other forms of misconduct a multidisciplinary review of the literature,1,403,"['Z Bozanic', 'D Amiram']"
272,do prices reveal the presence of informed trading ,2,401,"['V Fos', 'P Collin‐Dufresne']"
419,futures manipulation with cash settlement ,1,396,"['P Kumar', 'DJ Seppi']"
217,credit expansion and neglected crash risk,1,395,"['W Xiong', 'M Baron']"
406,flights to safety,1,393,"['L Baele', 'G Bekaert', 'K Inghelbrecht']"
584,long run productivity risk a new hope for production based asset pricing ,1,392,['MM Croce']
382,financial decisions and markets a course in asset pricing,6,390,['JY Campbell']
714,predicting stock returns in the presence of covid 19 pandemic the role of health news,1,386,['AA Salisu']
24,a nonlinear general equilibrium model of the term structure of interest rates,1,385,['FA Longstaff']
44,accounting conservatism a review of the literature,1,385,"['G Taylor', 'GW Ruch']"
738,protection of trade secrets and capital structure decisions,1,385,"['M Serfling', 'H Ortiz-Molina']"
50,acquisitions driven by stock overvaluation are they good deals ,1,383,"['L Lin', 'F Fu', 'MS Officer']"
54,an augmented q factor model with expected growth,19,382,"['K Hou', 'C Xue', 'H Mo', 'L Zhang']"
771,rich pickings risk return and skill in household wealth,1,380,"['L Bach', 'P Sodini', 'LE Calvet']"
398,financially constrained stock returns,2,379,"['L Zhang', 'D Livdan']"
476,impact of esg performance on firm value and profitability,1,375,"['M Aydoğmuş', 'G Gülay']"
520,institutional investors and stock return anomalies,1,373,"['RM Edelen', 'GB Kadlec', 'OS Ince']"
307,esg did not immunize stocks during the covid 19 crisis but investments in intangible assets did,1,372,"['J Hendrikse', 'E Demers']"
88,asymmetric dependence between stock market returns and news during covid 19 financial turmoil,1,367,['CO Cepoi']
143,carry trade and momentum in currency markets,2,366,"['C Burnside', 'M Eichenbaum']"
499,information disclosure in financial markets,1,365,"['I Goldstein', 'L Yang']"
815,what drives stock price movements ,1,364,['Z Da']
269,do mutual funds perform when it matters most to investors us mutual fund performance and risk in recessions and expansions,1,363,['R Kosowski']
750,readability of 10 k reports and stock price crash risk,1,363,"['L Zhang', 'C Kim', 'K Wang']"
782,rumors,1,359,[]
567,labor share decline and intellectual property products capital,1,356,"['Y Zheng', 'R Santaeulàlia‐Llopis', 'D Koh']"
129,ceo overconfidence and financial crisis evidence from bank lending and leverage,1,348,"['JF Yen', 'CY Lin']"
352,evolution in value relevance of accounting information,1,345,"['ME Barth', 'CG McClure']"
289,does risk management add value a survey of the evidence,1,344,['BJ Simkins']
367,fear sentiment uncertainty and bitcoin price dynamics the case of covid 19,1,344,"['C Chen', 'N Zhao']"
376,financial attention,1,341,"['N Sicherman', 'G Loewenstein', 'DJ Seppi']"
279,does beta move with news firm specific information flows and learning about profitability,1,338,['AJ Patton']
766,retail investor attention and stock price crash risk evidence from china,1,336,"['G Kou', 'L Xu', 'F Wen']"
787,uncovering hedge fund skill from the portfolio holdings they hide,1,336,"['B Yang', 'V Agarwal', 'Y Tang', 'W Jiang']"
438,have we solved the idiosyncratic volatility puzzle ,1,335,"['K Hou', 'RK Loh']"
99,bankruptcy prediction for smes using transactional data and two stage multiobjective feature selection,1,334,"['G Kou', 'Y Peng', 'Y Chen']"
316,earnings manipulation and expected returns,2,332,"['DC Nichols', 'CMC Lee', 'MD Beneish']"
155,climate change concerns and the performance of green vs brown stocks,7,330,"['K Boudt', 'D Ardia', 'K Bluteau']"
802,variable selection and corporate bankruptcy forecasts,1,330,"['H Guo', 'Y Yu']"
633,monetary policy and the stock market theory and empirical evidence,2,328,[]
688,payout policy,5,326,"['F Allen', 'R Michaely', 'J Farre-Mensa']"
608,masculinity testosterone and financial misreporting,1,326,"['Y Jia', 'Y Zeng', 'LVAN LENT']"
22,a new anomaly the cross sectional profitability of technical analysis,1,325,"['Y Han', 'G Zhou']"
440,hedge funds quantitative insights,1,325,[]
411,foundations of complexity economics,1,324,['WB Arthur']
306,esg and responsible institutional investing around the world a critical review,1,323,['P Matos']
105,behavioral finance psychology decision making and markets,1,323,['L Ackert']
74,are accruals mispriced evidence from tests of an intertemporal capital asset pricing model,1,322,[]
590,machine learning methods for systemic risk analysis in financial sectors ,1,321,"['G Kou', 'Y Peng', 'E Herrera Viedma', 'X Chao', 'FE Alsaadi']"
659,oil price shocks economic policy uncertainty and industry stock returns in china asymmetric effects with quantile regression,1,317,[]
574,leverage change debt overhang and stock prices,2,316,"['Z Zhang', 'J Cai']"
208,corporate tax avoidance a literature review and research agenda,1,315,[]
555,investor sentiment beta and the cost of equity capital,1,314,"['JA Doukas', 'C Antoniou']"
672,optimal consumption and investment with capital gains taxes,1,314,"['RM Dammon', 'CS Spatt']"
125,capm for estimating the cost of equity capital interpreting the empirical evidence,1,313,"['RJ Guo', 'R Jagannathan', 'Z Da']"
698,political connections and corporate investments evidence from the recent anti corruption campaign in china,1,313,"['X Pan', 'GG Tian']"
566,labor mobility implications for asset pricing,1,312,[]
286,does option trading convey stock price information ,1,310,['J Hu']
195,corporate liquidity management a conceptual framework and survey,1,308,"['M Campello', 'I Cunha', 'H Almeida']"
257,distressed firm and bankruptcy prediction in an international context a review and empirical analysis of altmans z score model,2,308,['M Iwanicz-Drozdowska']
708,post loss profit announcement drift,1,306,"['L Faurel', 'K Balakrishnan', 'E Bartov']"
287,does q theory with investment frictions explain anomalies in the cross section of returns ,1,303,"['L Zhang', 'D Li']"
313,earnings announcements and systematic risk,2,302,"['M Wilson', 'P Savor']"
154,class imbalanced dynamic financial distress prediction based on adaboost svm ensemble combined with smote and time weighting,1,302,"['H Li', 'J Sun', 'H Fujita']"
482,improving portfolio selection using option implied volatility and skewness,1,301,"['V DeMiguel', 'R Uppal']"
592,machine learning techniques and data for stock market forecasting a literature review,1,299,"['C Lohrmann', 'P Luukka', 'MM Kumbure']"
187,corporate financial distress restructuring and bankruptcy analyze leveraged finance distressed debt and bankruptcy,1,299,"['W Wang', 'E Hotchkiss']"
468,identifying expectation errors in value glamour strategies a fundamental analysis approach,1,297,"['EC So', 'JD Piotroski']"
40,a tug of war overnight versus intraday expected returns,1,297,"['C Polk', 'D Lou']"
216,credit default swaps a survey,1,296,"['MG Subrahmanyam', 'P Augustin']"
199,corporate social responsibility and firm performance in the hotel industry the mediating role of green human resource management and environmental outcomes,1,294,['E Claver-Cortés']
112,big data as a governance mechanism,2,292,['C Zhu']
639,multifactor models and their consistency with the icapm,1,292,"['P Santa-Clara', 'P Maio']"
443,heterogeneous beliefs speculation and the equity premium,1,285,['A David']
823,what ties return volatilities to price valuations and fundamentals ,1,282,"['P Veronesi', 'A David']"
773,risk aversion and wealth evidence from person to person lending portfolios,1,282,"['V Rappoport', 'E Ravina']"
681,organizations and societal economic inequality a review and way forward,1,279,"['H Bapuji', 'G Ertug']"
646,natural language processing in accounting auditing and finance a synthesis of the literature with a roadmap for future research,1,279,['IE Fisher']
223,customer satisfaction analyst stock recommendations and firm value,1,276,['X Luo']
838,your money and your brain how the new science of neuroeconomics can help make you rich,1,276,[]
373,finbert a large language model for extracting information from financial text,1,276,"['AH Huang', 'Y Yang']"
285,does idiosyncratic volatility proxy for risk exposure ,1,275,"['Z Chen', 'R Petkova']"
827,when does the peer information environment matter ,1,275,"['N Shroff', 'RS Verdi', 'BP Yost']"
320,earnings quality measures and excess returns,1,273,['A Wagenhofer']
338,employee satisfaction labor market flexibility and stock returns around the world,1,272,"['D Pu', 'C Zhang', 'A Edmans']"
243,disagreement and asset prices,1,270,"['FA Longstaff', 'BI Carlin']"
283,does gender diversity on corporate boards reduce information asymmetry in equity markets ,1,269,"['D Abad', 'ME Lucas-Pérez']"
795,using artificial neural networks to pick stocks,1,266,['L Kryzanowski']
9,a comparison of new factor models,3,265,"['K Hou', 'C Xue', 'L Zhang']"
248,disclosure quality and management trading incentives,1,264,['JL Rogers']
55,an analysis of the literature on systemic financial risk a survey,2,263,['H Kimura']
506,initial public offerings a synthesis of the literature and directions for future research,1,260,"['M Lowry', 'E Volkova', 'R Michaely']"
250,disentangling equity return regularities new insights and investment opportunities,1,256,['KN Levy']
661,on neural differential equations,1,256,['P Kidger']
347,evaluating cross sectional forecasting models for implied cost of capital,1,256,"['KK Li', 'P Mohanram']"
547,investor attention and stock market activity evidence from france,1,255,"['M Arouri', 'A Aouadi', 'F Teulon']"
463,how pervasive is corporate fraud ,1,255,"['L Zingales', 'A Morse', 'IJ Dyck']"
767,rethinking financial contagion information transmission mechanism during the covid 19 pandemic,1,252,"['L Yarovaya', 'JW Goodell', 'J Brzeszczyński']"
686,parameter learning in general equilibrium the asset pricing implications,1,252,"['M Johannes', 'P Collin-Dufresne']"
120,brand capital and firm value,1,251,"['MA Vitorino', 'X Lin', 'F Belo']"
511,innovative originality profitability and stock returns,1,245,"['D Li', 'PH Hsu', 'D Hirshleifer']"
837,yes the apt is testable,1,244,['PH Dybvig']
4,a better three factor model that explains more anomalies,1,244,['L Zhang']
678,options trading activity and firm valuation,1,243,"['A Subrahmanyam', 'E Schwartz']"
218,credit ratings and credit risk is one measure enough ,1,240,"['M Wilson', 'J Hilscher']"
400,firm characteristics and stock returns the role of investment specific shocks,1,239,"['D Papanikolaou', 'L Kogan']"
632,monetary environments and international stock returns,2,238,"['RR Johnson', 'CM Conover', 'GR Jensen']"
508,innovation future earnings and market efficiency,2,234,['F Gu']
7,a closer look at the short term return reversal,1,234,"['E Schaumburg', 'Z Da']"
134,covid 19 government policy responses and stock market liquidity around the world a note,1,234,"['DY Aharon', 'E Demir', 'R Kizys', 'A Zaremba']"
793,unprofitable affiliates and income shifting behavior,1,233,"['L De Simone', 'KJ Klassen']"
123,bubbles crises and heterogeneous beliefs,1,232,['W Xiong']
36,a sustainable capital asset pricing model s capm evidence from environmental integration and sin stock exclusion,1,232,['OD Zerbib']
752,real asset illiquidity and the cost of capital,1,231,"['GM Phillips', 'H Ortiz-Molina']"
816,what explains the dynamics of 100 anomalies ,2,228,[]
354,excess cash and stock returns,1,228,['M Simutin']
402,firm financing over the business cycle,1,227,"['J Salomao', 'J Begenau']"
569,labor force heterogeneity and asset prices the importance of skilled labor,2,225,"['X Zhao', 'X Lin', 'J Li', 'F Belo']"
500,information linkages and correlated trading,1,218,"['A Mele', 'P Colla']"
613,measuring investor sentiment,1,216,['G Zhou']
504,informed options trading prior to takeover announcements insider trading ,1,211,"['M Brenner', 'P Augustin']"
160,common auditors in m a transactions,1,209,"['HD White', 'Y Kim', 'JC Park', 'Y Cai']"
803,variance risk premia asset predictability puzzles and macroeconomic uncertainty,1,206,['H Zhou']
441,herding behaviour in energy stock markets during the global financial crisis sars and ongoing covid 19,1,206,"['M McAleer', 'CL Chang']"
226,death and jackpot why do individual investors hold overpriced stocks ,1,205,"['N Kapadia', 'Y Xing', 'J Conrad']"
768,returns of claims on the upside and the viability of u shaped pricing kernels,2,205,"['D Madan', 'G Bakshi', 'G Panayotov']"
114,block ownership trading activity and market liquidity,1,203,"['P Brockman', 'XS Yan', 'DY Chung']"
260,do board gender quotas affect firm value evidence from california senate bill no 826,1,203,"['VJ Intintoli', 'D Greene', 'KM Kahle']"
676,option prices leading equity prices do option traders have an information advantage ,1,202,"['Y Zhang', 'J Livnat']"
670,opportunism as a firm and managerial trait predicting insider trading profits and misconduct,1,202,"['U Ali', 'D Hirshleifer']"
806,volatility in international stock markets an empirical study during covid 19,1,201,"['H Gupta', 'P Bakhshi', 'R Chaudhary']"
334,empirical cross sectional asset pricing a survey,3,197,['A Goyal']
819,what is the expected return on a stock ,1,196,"['IWR Martin', 'C Wagner']"
529,interest rate risk and the pricing of depository financial intermediary common stock empirical evidence,1,194,[]
729,product market competition and industry returns,1,194,[]
81,artificial intelligence and machine learning in finance a bibliometric review,2,187,['MM Alshater']
485,in short supply short sellers and stock returns,1,186,"['DC Nichols', 'CMC Lee', 'MD Beneish']"
647,neoclassical finance behavioral finance and noise traders a review and assessment of the literature,1,185,['V Ramiah']
71,arbitrage pricing theory and utility stock returns,2,184,[]
781,risks for the long run estimation with time aggregation,2,183,"['D Kiku', 'R Bansal', 'A Yaron']"
430,goodwill impairment the effects of public enforcement and monitoring by institutional investors,1,182,['WR Landsman']
267,do managers disclose or withhold bad news evidence from short interest,1,182,"['Y Kim', 'L Su', 'GM Mian', 'D Bao']"
588,low risk anomalies ,1,178,"['P Schneider', 'J Zechner', 'C Wagner']"
589,machine learning for stock selection,1,178,[]
792,universal banking and firm risk taking,1,177,"['K John', 'A Saunders']"
281,does crackdown on corruption reduce stock price crash risk evidence from china,1,174,"['Y Chen', 'Y Xie']"
122,bubbles for fama,1,174,"['A Shleifer', 'Y You', 'R Greenwood']"
650,new low frequency spread measures,1,174,['CW Holden']
648,networks in production asset pricing implications,1,173,['B Herskovic']
542,international variations in esg disclosure do cross listed companies care more ,2,173,"['EP Yu', 'B Van Luu']"
131,covid 19 effects on the s p 500 index,1,172,['H Yilmazkuday']
85,asset pricing tests with long run risks in consumption growth,2,171,[]
255,dissecting climate risks are they reflected in stock prices ,1,171,"['G Skiadopoulos', 'R Faccini', 'R Matin']"
372,female directors capital structure and financial distress,1,168,"['CJ García', 'B Herrero']"
618,media coverage of firms background integration and directions for future research,1,168,['AG Oliver']
655,non gaap earnings disclosure in loss firms,1,166,"['E Leung', 'D Veenman']"
239,differences in herding individual vs institutional investors,1,165,[]
363,extreme downside risk and expected stock returns,1,165,[]
365,factor momentum everywhere,1,163,['BT Kelly']
731,product market power and stock market liquidity,1,162,['JR Kale']
753,real earnings management and future performance,1,162,"['MS Nazir', 'A Kaleem']"
490,industries and stock return reversals,1,159,"['A Hameed', 'GM Mian']"
514,inside the investors brain the power of mind over money,1,157,[]
549,investor attention and stock returns,1,157,"['G Zhou', 'G Tang']"
733,production networks and stock returns the role of vertical creative destruction,1,156,"['G Segal', 'Y Wu', 'M Gofman']"
156,climate change risk factors and stock returns a review of the literature,8,155,['A Venturini']
800,value relevance of corporate social responsibility evidence from short selling,1,155,"['A Jain', 'Z Rezaee', 'PK Jain']"
420,game on social networks and markets,1,154,['LH Pedersen']
162,common risk factors in bank stocks,1,154,"['DR Fraser', 'AM Viale', 'JW Kolari']"
509,innovations in interest rates duration transformation and bank stock returns,1,153,[]
475,immunizing markets against the pandemic covid 19 vaccinations and stock volatility around the world,1,147,"['W Rouatbi', 'E Demir', 'R Kizys', 'A Zaremba']"
18,a labor capital asset pricing model,2,145,"['JJ Wang', 'M Simutin', 'LA Kuehn']"
229,decomposing firm value,1,144,"['VD Gala', 'MA Vitorino', 'F Belo', 'J Salomao']"
805,volatility and the cross section of corporate bond returns,2,143,"['C Wu', 'KH Chung']"
527,integrating corporate social responsibility criteria into executive compensation and firm innovation international evidence,1,143,"['A Tsang', 'KT Wang']"
605,market tests of capital adequacy of large commercial banks,1,141,[]
337,empirical tests of asset pricing models with individual assets resolving the errors in variables bias in risk premium estimation,1,140,"['N Jegadeesh', 'J Noh', 'K Pukthuanthong']"
784,the development of chinas stock market and stakes for the global economy,1,140,"['RF Whitelaw', 'JN Carpenter']"
734,production based measures of risk for asset pricing,1,138,['F Belo']
651,nominal rigidities and asset pricing,1,135,['M Weber']
64,analysts and anomalies,1,134,"['RD McLean', 'J Pontiff', 'J Engelberg']"
360,explanations for the volatility effect an overview based on the capm assumptions,1,132,"['D Blitz', 'P Van Vliet']"
725,pricing climate change exposure,1,132,"['L Van Lent', 'Z Sautner', 'G Vilkov']"
636,more than a feeling confidence uncertainty and macroeconomic fluctuations,1,129,['L Nowzohour']
587,low risk investing without industry bets,1,128,"['LH Pedersen', 'A Frazzini']"
126,capm an absurd model,1,128,['P Fernandez']
821,what makes firms vulnerable to the russia ukraine crisis ,2,127,"['V Kumari', 'W Abbassi', 'DK Pandey']"
184,corporate distress and turnaround integrating the literature and directing future research,1,127,[]
364,factor momentum,1,125,[]
573,learning optimized risk scores,1,124,"['B Ustun', 'C Rudin']"
280,does corporate eco innovation affect stock price crash risk ,1,123,"['R Zaman', 'M Nadeem', 'M Haseeb', 'N Atawnah']"
315,earnings management firm performance and the value of indian manufacturing firms,1,122,['HS Mand']
585,long run risk and the persistence of consumption shocks,2,121,"['C Tebaldi', 'A Tamoni', 'F Ortu']"
151,chasing private information,1,121,"['ES Pagnotta', 'M Kacperczyk']"
690,pension accounting and research a review,1,120,[]
312,esg liquidity and stock returns,3,118,['D Luo']
487,income hedging and portfolio decisions,1,118,"['A Kumar', 'GM Korniotis', 'Y Bonaparte']"
423,generous charity to preserve green image exploring linkage between strategic donations and environmental misconduct,1,118,"['B Wu', 'A Monfort']"
614,measuring liquidity in emerging markets,1,117,"['H Zhang', 'W Kang']"
305,dynamic corporate liquidity,1,117,"['B Nikolov', 'L Schmid']"
102,behavioral economics of accounting a review of archival research on individual decision makers,1,115,"['K Yeung', 'L Zuo', 'M Hanlon']"
53,aggregate earnings and why they matter ,1,115,"['G Sadka', 'R Ball']"
206,corporate takeovers and economic efficiency,1,114,['BE Eckbo']
478,impact of ethical screening on investment performance the case of the dow jones islamic index,1,114,['A Hassan']
26,a review of capital asset pricing models,1,112,['DUA Galagedera']
359,explaining the recent failure of value investing,1,112,"['B Lev', 'A Srivastava']"
356,expected idiosyncratic volatility measures and expected returns,1,110,"['H He', 'JD Fink']"
459,how does telecommunications infrastructure affect eco efficiency evidence from a quasi natural experiment in china,1,109,"['Y Hao', 'M Irfan', 'H Wu']"
385,financial distress and its determinants evidence from insurance companies in ethiopia,1,107,[]
515,insider trading controversies a literature review,1,106,['U Bhattacharya']
341,equity volatility term structures and the cross section of option returns,1,103,['A Vasquez']
167,competition markups and predictable returns,1,102,"['A Corhay', 'L Schmid', 'H Kung']"
595,man versus machine learning the term structure of earnings expectations and conditional biases,1,100,"['X Han', 'JH Van Binsbergen']"
582,local religious norms corporate social responsibility and firm value,1,100,"['D Osullivan', 'L Zolotoy', 'Y Chen']"
456,how do you capture liquidity a review of the literature on low frequency stock liquidity,4,100,"['A Gregoriou', 'H Le']"
179,contracting under asymmetric information evidence from lockup agreements in seasoned equity offerings,1,99,"['RW Masulis', 'JM Karpoff']"
570,labor market concentration and labor compensation,1,98,"['Y Qiu', 'A Sojourner']"
693,perspectives on the future of asset pricing,1,98,"['RSJ Koijen', 'M Brunnermeier']"
682,other comprehensive income a review and directions for future research,1,98,['DE Black']
186,corporate finance risk prediction based on lightgbm,1,98,[]
323,economic activity of firms and asset prices,2,98,"['D Papanikolaou', 'L Kogan']"
259,do behavioral biases adversely affect the macro economy ,1,98,"['A Kumar', 'GM Korniotis']"
528,interest rate risk and the cross section of stock returns,2,97,"['P Maio', 'A Lioui']"
389,financial instrument fair values and nonfinancial firms,1,96,[]
462,how natural disasters affect energy innovation the perspective of environmental sustainability,1,91,['XX Zhao']
118,book to market ratio and skewness of stock returns,1,89,['XJ Zhang']
644,natural disasters and risk aversion,1,88,"['M Bourdeau-Brien', 'L Kryzanowski']"
183,corporate digital transformation and trade credit financing,1,88,[]
375,financial applications of machine learning a literature review,1,88,['N Nazareth']
724,pricing an emerging industry evidence from internet subsidiary carve outs,1,87,['MJ Schill']
712,predicting future earnings changes using machine learning and detailed financial data,1,86,"['B Lev', 'X Chen', 'YH Cho', 'Y Dou']"
35,a survey on esg investors institutions and firms,1,86,['PR Rau']
616,measuring the multi faceted dimension of liquidity in financial markets a literature review,2,85,"['A Díaz', 'A Escribano']"
486,income classification shifting and mispricing of core earnings,1,84,[]
829,where is the risk in value evidence from a market to book decomposition,2,83,['A Golubov']
355,excess cash trading continuity and liquidity risk,1,83,"['W Huang', 'K Mazouz']"
135,covid 19 esg investing and the resilience of more sustainable stocks evidence from european firms,1,82,"['E Bendinelli', 'G Cardillo']"
107,behavioral mediators of financial decision making a state of art literature review,1,82,['DK Banwet']
794,using and interpreting fixed effects models,1,82,"['M Breuer', 'E Dehaan']"
525,intangible value,1,82,"['D Papanikolaou', 'AL Eisfeldt', 'E Kim']"
387,financial distress prediction using integrated z score and multilayer perceptron neural networks,1,81,"['DL Olson', 'D Wu']"
524,intangible intensity and stock price crash risk,1,80,['K Wu']
674,optimal trading of a security when there are taxes and transaction costs,1,80,[]
401,firm characteristics governance mechanisms and esg disclosure how caring about sustainable concerns ,2,79,"['F Khalid', 'U Razi']"
675,option coskewness and capital asset pricing,1,79,[]
258,diversification and portfolio theory a review,1,77,['GB Koumou']
763,responding to diffused stakeholders on social media connective power and firm reactions to csr related twitter messages,1,77,"['GD Saxton', 'C Guo', 'C Ren']"
743,r 2 and the economy,1,74,"['R Morck', 'B Yeung']"
161,common fund flows flow hedging and factor pricing,1,72,"['W Wu', 'WW Dou', 'L Kogan']"
760,regional economic activity and stock returns,1,72,['E Smajlbegovic']
635,money and the c capm,2,70,"['RJ Balvers', 'D Huang']"
518,institutional investment constraints and stock prices,1,69,"['B Han', 'Q Wang', 'J Cao']"
785,the effects of earnings quality conservatism and real earnings management on the companys performance and information asymmetry as a moderating variable,1,68,['NM Machdar']
612,measuring innovation and product differentiation evidence from mutual funds,1,67,['L Kostovetsky']
29,a review of the post earnings announcement drift,4,67,[]
245,disagreement underreaction and stock returns,1,66,"['KCJ Wei', 'L Cen', 'L Yang']"
457,how does esg disclosure improve stock liquidity for enterprises empirical evidence from china,1,65,[]
76,are disagreements agreeable evidence from information aggregation,1,65,"['J Li', 'D Huang']"
219,cross sectional asset pricing tests,1,64,"['E Schaumburg', 'R Jagannathan']"
117,bond variance risk premia,1,64,"['P Mueller', 'A Vedolin', 'Y Yen']"
746,ratings driven demand and systematic price fluctuations,1,64,"['Y Song', 'A Rossi', 'I Ben-David', 'J Li']"
325,economic policy uncertainty oil and stock markets in bric evidence from quantiles analysis,1,63,[]
42,abcs of trading behavioral biases affect stock turnover and value,1,62,['J Itzkowitz']
362,extended dividend cash flow and residual income valuation models accounting for deviations from ideal conditions,2,62,['D Hess']
791,understanding the term structure of credit default swap spreads,1,60,"['B Han', 'Y Zhou']"
810,volatility of volatility and tail risk hedging returns,1,60,['YH Park']
722,priced risk in corporate bonds,3,59,"['P Mueller', 'A Dickerson']"
449,higher order moment risk connectedness and optimal investment strategies between international oil and commodity futures markets insights from the covid 19 ,1,57,"['J Cui', 'A Maghyereh']"
673,optimal option portfolio strategies deepening the puzzle of index option mispricing,1,57,"['JA Faias', 'P Santa-Clara']"
230,deep learning and the cross section of expected returns,1,56,[]
168,competition profitability and discount rates,1,55,"['Y Ji', 'WW Dou', 'W Wu']"
586,long term discount rates do not vary across firms,1,55,['JT Linnainmaa']
133,covid 19 pandemic financial market volatility evidence from garch models,2,54,"['UN Kayani', 'M Khan']"
557,is business saving really none of our business ,1,54,"['E Cavallo', 'R Bebczuk']"
755,real effects of financial reporting and disclosure on innovation,1,53,['A Tamayo']
522,intangible assets insights from a literature review,1,53,['ME Nichita']
740,quadratic shrinkage for large covariance matrices,1,53,"['O Ledoit', 'M Wolf']"
656,non fungible tokens nfts a review of pricing determinants applications and opportunities,1,52,"['R Kräussl', 'A Tugnetti']"
333,empirical asset pricing models and methods,2,52,['W Ferson']
113,bitcoin and portfolio diversification a portfolio optimization approach,2,52,['W Bakry']
705,portfolio choice over the life cycle a survey,1,51,['F Gomes']
754,real earnings management and stock returns moderating role of cross sectional effects,1,49,"['M Bansal', 'A Ali']"
447,high policy uncertainty and low implied market volatility an academic puzzle ,1,49,"['HD Dang', 'J Białkowski']"
580,local business cycles and local liquidity,1,49,"['A Kumar', 'G Korniotis', 'G Bernile']"
507,innovation decisions through firm life cycle a new evidence from emerging markets,1,48,"['M Ahmad', 'F Shahzad', 'Z Fareed']"
429,good jumps bad jumps and conditional equity premium,1,48,"['H Guo', 'H Zhou']"
361,exploring macroeconomic sensitivities how investments respond to different economic environments,1,47,[]
479,impact of landfill garbage on insect ecology and human health,1,47,"['A Noman', 'K He', 'M Qasim']"
368,federal reserve monetary policy and industry stock returns,2,46,"['RR Johnson', 'GR Jensen']"
369,feedback and contagion through distressed competition,1,46,"['H Guo', 'H Chen', 'WW Dou', 'Y Ji']"
728,private or public equity the evolving entrepreneurial finance landscape,1,45,"['J Farre-Mensa', 'M Ewens']"
697,political climate optimism and investment decisions,1,45,['Y Bonaparte']
157,climate policy uncertainty and the stock return predictability of the oil industry,1,44,"['Y Zhang', 'M He']"
31,a selective critical review of financial accounting research,1,44,[]
172,consequences for future return with earnings management through real operating activities,1,43,['AL Martinez']
700,political polarization in financial news,1,42,"['E Goldman', 'R Israelsen', 'N Gupta']"
460,how does the market variance risk premium vary over time evidence from s p 500 variance swap investment returns,1,42,"['E Konstantinidi', 'G Skiadopoulos']"
291,does the f score improve the performance of different value investment strategies in europe ,1,41,['J Äijö']
665,on the determinants and effects of corporate tax transparency review of an emerging literature,1,40,['C Spengel']
445,hexagon fraud in fraudulent financial statements the moderating role of audit committee,1,40,"['DS Nugroho', 'V Diyanty']"
188,corporate financial distress the impact of profitability liquidity asset productivity activity and solvency,1,40,['K Amoa-Gyarteng']
303,dynamic asset pricing effects and incidence of realization based capital gains taxes,1,40,[]
104,behavioral finance its history and its future,1,40,[]
624,missing data in asset pricing panels,1,39,"['A Neuhierl', 'J Freyberger']"
178,contemporaneous causality among residential housing prices of ten major chinese cities,1,38,[]
392,financial machine learning,7,38,"['D Xiu', 'B Kelly']"
424,geopolitical risk and stock liquidity,1,37,['A Meles']
765,resurrecting the value premium,1,37,"['MX Hanauer', 'D Blitz']"
692,performances and risk of socially responsible investments across regions during crisis,1,37,"['HH Lean', 'F Pizzutilo']"
770,review of new trends in the literature on factor models and mutual fund performance,1,36,"['IB Mateus', 'N Todorovic', 'C Mateus']"
627,modelling receivables and deferred revenues to detect revenue management,1,35,['J Zha Giedt']
318,earnings quality and short selling evidence from real earnings management in the united states,1,34,['KE Park']
292,does the implementation of green credit policy improve the esg performance of enterprises evidence from a quasi natural experiment in china,1,34,[]
824,whats good for you is good for me the effect of ceo inside debt on the cost of equity,1,33,"['H Zhang', 'CH Shen']"
293,does the location of stock exchange matter a within country analysis,1,32,"['N Zhu', 'W Zhang']"
412,fraud triangle and earnings management based on the modified m score a study on manufacturing company in indonesia,1,32,"['OA Wardhaningrum', 'NPDRH Narsa']"
290,does supply chain finance scf alleviate funding constraints of smes evidence from china,1,31,"['JH Shen', 'Q Xie', 'CC Lee']"
346,estimation of large dimensional conditional factor models in finance,1,31,"['O Scaillet', 'P Gagliardini']"
481,improved and optimized recurrent neural network based on pso and its application in stock price prediction,1,30,[]
69,apprenticeship training effects on entrepreneurship development in developing economies,2,30,"['NA Egbosionu', 'CA Ezenwakwelu']"
751,readability of accounting disclosures a comprehensive review and research agenda,1,30,"['AM Gosselin', 'J Le Maux']"
59,an empirical study to detect agency problems in listed corporations an emerging market study,1,30,['HH Flayyih']
277,does fintech reduce corporate excess leverage evidence from china,1,30,['X Lai']
89,asymmetric volatility risk evidence from option markets,1,29,['G Vilkov']
87,asset pricing with partial moments,1,29,[]
689,peer versus pure benchmarks in the compensation of mutual fund managers,1,28,"['L Ma', 'Y Tang', 'R Evans', 'JP Gómez']"
197,corporate political connections a multidisciplinary review,3,28,"['JP Bonardi', 'Y Wei', 'N Jia']"
227,debt covenants and cross sectional equity returns,1,27,"['J Helwege', 'Y Wang', 'JZ Huang']"
234,derivative financial instruments tax aggressiveness and firm market value,1,25,[]
203,corporate social responsibility performance and the cost of capital in brics countries the problem of selectivity using environmental social and governance scores,1,25,['BS Sergi']
399,finding anomalies in china,2,25,"['K Hou', 'F Qiao']"
60,an integrated vector error correction and directed acyclic graph method for investigating contemporaneous causalities,1,24,[]
310,esg rating disagreement and stock returns evidence from china,1,24,[]
804,variance of variance risk premium,1,24,['A Kaeck']
653,non standard errors in asset pricing mind your sorts,1,22,"['A Soebhag', 'B Van Vliet', 'P Verwijmeren']"
201,corporate social responsibility and the term structure of cds spreads,1,22,"['ZK Zhong', 'F Gao', 'X Wang', 'Y Li']"
503,informed options trading before corporate events,1,22,"['MG Subrahmanyam', 'P Augustin']"
565,labor income relative wealth concerns and the cross section of stock returns,1,22,"['R Priestley', 'F Zapatero', 'JP Gómez']"
194,corporate green innovation and stock liquidity in china,1,21,[]
11,a comprehensive study of liquidity before and after seos and seo underpricing,1,19,['KCJ Wei']
664,on the choi lam analogue of hilberts 1888 theorem for symmetric forms,1,19,['B Reznick']
505,informed trade uninformed trade and stock price delay,1,19,['Q Wu']
252,dissecting anomalies in islamic stocks integrated or segmented pricing ,1,19,"['A Karathanasopoulos', 'A Maydybura', 'A Zaremba']"
417,funding black high growth startups,1,18,"['LD Cook', 'M Marx', 'E Yimfor']"
540,international tests of the zcapm asset pricing model,2,18,"['JZ Huang', 'JW Kolari', 'HA Butt']"
560,is the renminbi a safe haven currency evidence from conditional coskewness and cokurtosis,1,18,['Y Zhou']
783,stock markets reaction to money supply a nonparametric analysis,2,18,['A Taamouti']
477,impact of earnings management on working capital management efficiency,1,18,"['PC Padhan', 'KS Sawarni']"
185,corporate diversification and stock risk evidence from a global shock,1,18,['E Onali']
66,another look at momentum crashes momentum in the european monetary union,1,17,['K Grobys']
719,price discovery in cds and equity markets default risk based heterogeneity in the systematic investment grade and high yield sectors,1,17,['WJ Procasky']
749,re evaluating portfolio diversification and design using cryptocurrencies are decentralized cryptocurrencies enough ,2,17,"['A Khaki', 'W Bakry', 'M Prasad']"
418,further tests of the zcapm asset pricing model,2,16,"['JZ Huang', 'JW Kolari']"
297,does the volatility of volatility risk forecast future stock returns ,1,16,"['X Fu', 'F Jawadi', 'R Bu']"
340,equilibrium asset pricing under the l vy process with stochastic volatility and moment risk premiums,1,14,"['X Ruan', 'JE Zhang', 'J Huang']"
469,idiosyncratic information and the cost of equity capital a meta analytic review of the literature,1,14,['M Schreder']
211,costly external equity implications for asset pricing anomalies,1,14,['E Li']
735,profitability audit quality and firm value case on indonesian manufacturing companies,1,13,['AL Wijaya']
826,when and how is voluntary disclosure quality reflected in equity prices ,2,13,['F Eugster']
442,herding in smart beta investment products,1,13,"['E Krkoska', 'KR Schenk-Hoppé']"
408,foreign ownership and stock liquidity uncertainty,1,13,"['H Zhang', 'R Faff']"
521,institutional trading around corporate news evidence from textual analysis,1,12,"['AG Huang', 'R Wermers', 'H Tan']"
388,financial distress prediction and strategies by firms a systematic review of literature,1,12,"['Z Zéman', 'EB Mallinguh']"
370,feedback trading a review of theory and empirical evidence,1,12,"['K Gavriilidis', 'B Gebka', 'F Economou']"
13,a decomposition of conditional risk premia and implications for representative agent models,1,12,"['F Chabi-Yo', 'JA Loudis']"
294,does the market understand time variation in the equity premium ,1,11,"['E Lazarus', 'NJ Gormsen']"
756,real time profitability of published anomalies an out of sample test,1,11,"['Z Huang', 'JZ Huang']"
149,changes in risk factor disclosures and the variance risk premium ,1,11,"['EJ Riedl', 'MR Lyle', 'F Siano']"
79,are investors overconfident,1,11,['C Vega']
342,essays in financial economics,15,11,['K Li']
366,fair value accounting impact on decision usefulness of accounting information evidence from accounting standards update 2016 01 on the us insurance industry,1,10,[]
93,bad beta good beta state space news decomposition and the cross section of stock returns,1,9,[]
808,volatility distress risk and the cross section of portfolio returns,1,9,[]
403,firm headquarters location ownership structure and stock return co movements,1,9,[]
51,aggregate volatility and market jump risk an option based explanation to size and value premia,1,9,['YE Arisoy']
109,best practices in factor research and factor models,1,8,[]
695,policy uncertainty and stock market volatility revisited the predictive role of signal quality,1,8,"['R Demirer', 'AA Salisu']"
619,media coverage real earnings management and long run market performance evidence from chinese ipos,1,6,[]
236,determinants of earnings forecast error earnings forecast revision and earnings forecast accuracy,1,6,[]
284,does geographic location matter to stock return predictability ,1,5,['I Chkir']
526,integrating factors in market indexes and active portfolios,1,5,['N Kumar']
171,conglomerate discount and financial constraints a novel view to an old puzzle,1,5,"['M Massa', 'A Bodnaruk', 'L Zhang']"
759,red versus blue do political dimensions influence the investment preferences of state pension funds ,1,5,"['L Schopohl', 'AGF Hoepner']"
220,cross stock momentum and factor momentum,1,4,['J Yu']
343,essays on institutional investment and socially responsible investing,1,3,['L Schopohl']
25,a novel approach to estimating the debt capacity of european smes,1,3,"['M Karas', 'M Režňáková']"
209,correlation analysis of stocks and pmi index based on logistic regression model,1,3,[]
215,crash risk exposure diversification and cost of equity capital evidence from a natural experiment in china,1,3,[]
455,how do institutions trade around corporate news,1,3,"['AG Huang', 'R Wermers', 'H Tan']"
84,asset pricing tests for pandemic risk,2,3,"['YH Eom', 'D Park', 'YJ Kang']"
757,realized skewness at high frequency and the link to a conditional market premium,1,3,['Z Liu']
444,heterogenous peer effects how community connectivity affects car purchases,1,3,"['F Zapatero', 'J Shemesh', 'Y Zenou']"
807,volatility duration and value at risk,1,2,[]
581,local equity market participation and stock liquidity,2,2,['L Zhang']
0,a better estimate of internally generated intangible capital,1,2,"['A Iqbal', 'A Srivastava']"
671,optimal domestic equity allocations for australian investors and the role of franking credits,1,1,[]
377,financial constraints and security issuance,1,1,[]
436,has increased prominence of translation results changed net investment hedging practice ,1,1,['B Marshall']
744,r d expenditures and idiosyncratic risk good and bad volatility,1,1,[]
299,dont get carried away uncovering macro characteristics in carry portfolios,1,1,[]
495,information quality heterogenous beliefs and asset pricing,2,1,['Z Qin']
